,mean_fit_time,std_fit_time,mean_score_time,std_score_time,param_max_depth,param_min_samples_leaf,param_min_samples_split,param_n_estimators,params,split0_test_score,split1_test_score,split2_test_score,split3_test_score,split4_test_score,mean_test_score,std_test_score,rank_test_score
0,1.5021796703338623,0.018430425801640216,0.03272037506103516,0.0009437415154431318,,1,2,100,"{'max_depth': None, 'min_samples_leaf': 1, 'min_samples_split': 2, 'n_estimators': 100}",-3281022.1837228704,-5363238.966671139,-3508451.7865304537,-3788697.8804457444,-4082715.196906121,-4004825.2028552657,730526.2765060124,61
1,2.94565749168396,0.009857364728334225,0.06145806312561035,0.0008631701232871615,,1,2,200,"{'max_depth': None, 'min_samples_leaf': 1, 'min_samples_split': 2, 'n_estimators': 200}",-3114133.7265431266,-5350537.865309138,-3440279.4620100344,-3715917.185068657,-3976935.689904249,-3919560.785767041,770828.2990312871,15
2,4.414723205566406,0.029667248816508347,0.09118065834045411,0.002409064572927754,,1,2,300,"{'max_depth': None, 'min_samples_leaf': 1, 'min_samples_split': 2, 'n_estimators': 300}",-3152034.309929463,-5286204.052821563,-3466944.649628259,-3691392.03254328,-3940851.3611826594,-3907485.2812210447,736675.9473050985,7
3,1.2285213470458984,0.013350988204143426,0.026946067810058594,0.0008135241742387517,,1,5,100,"{'max_depth': None, 'min_samples_leaf': 1, 'min_samples_split': 5, 'n_estimators': 100}",-3279292.857044247,-5223391.319904711,-3496224.883943843,-3775496.502092945,-4081918.45005318,-3971264.802607785,681597.8829586841,42
4,2.4561370849609374,0.015176108563906304,0.04980926513671875,0.00017473888780035623,,1,5,200,"{'max_depth': None, 'min_samples_leaf': 1, 'min_samples_split': 5, 'n_estimators': 200}",-3161831.2157682613,-5223623.564577284,-3436586.67236953,-3734239.543558801,-3950233.3257120657,-3901302.864397188,712967.8584056208,5
5,3.6827979564666746,0.01906159008279792,0.07364387512207031,0.001601159432326375,,1,5,300,"{'max_depth': None, 'min_samples_leaf': 1, 'min_samples_split': 5, 'n_estimators': 300}",-3176672.8479548167,-5152504.200178985,-3476106.021812252,-3732250.1835185243,-3926701.115200688,-3892846.8737330534,678270.1761836804,2
6,1.0524724960327148,0.0092490956618483,0.022645282745361327,0.00048204546842849994,,1,10,100,"{'max_depth': None, 'min_samples_leaf': 1, 'min_samples_split': 10, 'n_estimators': 100}",-3423195.958839627,-5276369.217878279,-3510514.3953636526,-3839199.4863388864,-4100477.5338883423,-4029951.318461758,668264.1052778955,68
7,2.1040409564971925,0.01469964658881346,0.04277815818786621,0.0011955708561235063,,1,10,200,"{'max_depth': None, 'min_samples_leaf': 1, 'min_samples_split': 10, 'n_estimators': 200}",-3321461.5862104963,-5327125.969400795,-3459715.2625054047,-3806864.558715421,-4014979.8179040486,-3986029.438947233,714161.7640226284,56
8,3.186134767532349,0.033120030516972765,0.06396751403808594,0.0002393409719962956,,1,10,300,"{'max_depth': None, 'min_samples_leaf': 1, 'min_samples_split': 10, 'n_estimators': 300}",-3334860.3947520233,-5245102.99853118,-3503484.101900959,-3810728.0494425837,-3996599.000355198,-3978154.9089963892,674191.309132279,48
9,1.1834715843200683,0.009851340159341642,0.026550674438476564,0.0005615681189597454,,2,2,100,"{'max_depth': None, 'min_samples_leaf': 2, 'min_samples_split': 2, 'n_estimators': 100}",-3294307.9922190835,-5163416.46070829,-3553054.937878789,-3765356.410359227,-4026137.02161413,-3960454.5645559044,647953.7807874028,35
10,2.374991941452026,0.01701621778766483,0.05095295906066895,0.0014801577445308818,,2,2,200,"{'max_depth': None, 'min_samples_leaf': 2, 'min_samples_split': 2, 'n_estimators': 200}",-3167138.739663849,-5315539.870343853,-3480313.4978219545,-3715309.523053441,-3955298.538214444,-3926720.0338195087,741697.2712787676,26
11,3.5469295978546143,0.01968126847568736,0.07331833839416504,0.0007532598806753868,,2,2,300,"{'max_depth': None, 'min_samples_leaf': 2, 'min_samples_split': 2, 'n_estimators': 300}",-3201959.5333104185,-5264267.824107169,-3509349.5023006904,-3686574.843464285,-3956084.355424942,-3923647.211721501,713721.90657675,23
12,1.14090256690979,0.00881489042636761,0.02518887519836426,0.0005097905597635125,,2,5,100,"{'max_depth': None, 'min_samples_leaf': 2, 'min_samples_split': 5, 'n_estimators': 100}",-3257226.8498225925,-5162237.620900609,-3556978.049632291,-3825215.016946544,-4059427.8507111175,-3972217.077602631,652533.3239651802,43
13,2.276721954345703,0.017953698630838306,0.04772748947143555,0.0010458631324671017,,2,5,200,"{'max_depth': None, 'min_samples_leaf': 2, 'min_samples_split': 5, 'n_estimators': 200}",-3160372.0436982075,-5257500.078533707,-3480579.1411889484,-3744399.8887181263,-3967223.444069685,-3922014.9192417352,720010.6855436811,18
14,3.41876802444458,0.03725466139148335,0.07074356079101562,0.001866627783412775,,2,5,300,"{'max_depth': None, 'min_samples_leaf': 2, 'min_samples_split': 5, 'n_estimators': 300}",-3183213.853763144,-5190922.749340061,-3510905.5769543587,-3717051.952776066,-3954023.2450179034,-3911223.475570307,688101.3095775847,10
15,1.0066925525665282,0.010071341637786793,0.02232084274291992,0.00046224274387280924,,2,10,100,"{'max_depth': None, 'min_samples_leaf': 2, 'min_samples_split': 10, 'n_estimators': 100}",-3461898.6179252677,-5216402.829471325,-3516768.714490206,-3860327.5866226517,-4054593.0804774207,-4021998.1657973737,636045.6913201209,66
16,2.010572576522827,0.015020285816256753,0.04212193489074707,0.00069677948482533,,2,10,200,"{'max_depth': None, 'min_samples_leaf': 2, 'min_samples_split': 10, 'n_estimators': 200}",-3374975.0255262824,-5264566.61832587,-3475248.948502098,-3808225.1736480924,-3998135.8922250355,-3984230.3316454752,678334.1748236179,54
17,3.0127020359039305,0.017858794506118533,0.06183733940124512,0.0013091324333518476,,2,10,300,"{'max_depth': None, 'min_samples_leaf': 2, 'min_samples_split': 10, 'n_estimators': 300}",-3392763.403806284,-5183951.484563273,-3497412.6934237503,-3798357.3549202816,-3999856.693962319,-3974468.326135181,641945.7683150107,46
18,0.9743007183074951,0.006383174228098644,0.022516345977783202,0.00035768198875369583,,4,2,100,"{'max_depth': None, 'min_samples_leaf': 4, 'min_samples_split': 2, 'n_estimators': 100}",-3359170.9116452476,-5359170.393285054,-3580204.8083800166,-3894539.6461697016,-4136044.8728361037,-4065826.1264632246,698884.6514841674,96
19,1.9459298610687257,0.011897535619135957,0.042122602462768555,0.0006977912194805124,,4,2,200,"{'max_depth': None, 'min_samples_leaf': 4, 'min_samples_split': 2, 'n_estimators': 200}",-3315185.2721619485,-5338547.092140223,-3561270.921321006,-3874346.503245173,-4107947.791981063,-4039459.5161698824,703252.3009244928,72
20,2.9515592098236083,0.06876104415783169,0.062074899673461914,0.001678243176508423,,4,2,300,"{'max_depth': None, 'min_samples_leaf': 4, 'min_samples_split': 2, 'n_estimators': 300}",-3346470.4961397974,-5301341.050369462,-3612117.4113826915,-3863545.370343936,-4094026.5187769504,-4043500.169402567,676615.366784194,78
21,0.9763025760650634,0.0069113245751649096,0.022274303436279296,0.0005288467060727313,,4,5,100,"{'max_depth': None, 'min_samples_leaf': 4, 'min_samples_split': 5, 'n_estimators': 100}",-3359170.9116452476,-5359170.393285054,-3580204.8083800166,-3894539.6461697016,-4136044.8728361037,-4065826.1264632246,698884.6514841674,96
22,1.9478806972503662,0.01428375687227643,0.041956615447998044,0.0007788550682209355,,4,5,200,"{'max_depth': None, 'min_samples_leaf': 4, 'min_samples_split': 5, 'n_estimators': 200}",-3315185.2721619485,-5338547.092140223,-3561270.921321006,-3874346.503245173,-4107947.791981063,-4039459.5161698824,703252.3009244928,72
23,2.9298115730285645,0.02339710874488651,0.06224775314331055,0.00042135709481321725,,4,5,300,"{'max_depth': None, 'min_samples_leaf': 4, 'min_samples_split': 5, 'n_estimators': 300}",-3346470.4961397974,-5301341.050369462,-3612117.4113826915,-3863545.370343936,-4094026.5187769504,-4043500.169402567,676615.366784194,78
24,0.9426539897918701,0.008344905351554745,0.021464729309082033,0.0005583736979930736,,4,10,100,"{'max_depth': None, 'min_samples_leaf': 4, 'min_samples_split': 10, 'n_estimators': 100}",-3446366.86833419,-5363416.395339852,-3544158.548863063,-3913357.435532671,-4126190.828503783,-4078698.0153147117,687847.2957332623,106
25,1.8830902099609375,0.010095432419530334,0.03998584747314453,0.0002859953600995107,,4,10,200,"{'max_depth': None, 'min_samples_leaf': 4, 'min_samples_split': 10, 'n_estimators': 200}",-3405051.7660062513,-5341962.444019821,-3537143.7649785616,-3882653.9693456762,-4108893.341398035,-4055141.0571496687,689853.2693817418,86
26,2.8264742374420164,0.015236172902436024,0.05895133018493652,0.0009956481629573408,,4,10,300,"{'max_depth': None, 'min_samples_leaf': 4, 'min_samples_split': 10, 'n_estimators': 300}",-3421698.8003744814,-5305696.142351439,-3587162.734666718,-3873242.1265072506,-4096355.1517865476,-4056830.9911372876,666170.0034206863,91
27,0.8543243885040284,0.005047498265184392,0.01786952018737793,0.0003175239051647313,10,1,2,100,"{'max_depth': 10, 'min_samples_leaf': 1, 'min_samples_split': 2, 'n_estimators': 100}",-3297288.035782367,-5272505.200512226,-3536832.348865797,-3690172.6837962097,-4102611.1539409403,-3979881.884579508,697437.6222976808,51
28,1.7026224613189698,0.007890326786351716,0.03274407386779785,0.0002311411550005585,10,1,2,200,"{'max_depth': 10, 'min_samples_leaf': 1, 'min_samples_split': 2, 'n_estimators': 200}",-3173174.149791303,-5315752.839459556,-3488916.250016038,-3668034.999620227,-4016215.42928819,-3932418.733635063,743462.2632553165,28
29,2.5604873657226563,0.00667987627290556,0.0485349178314209,0.0003643916557876564,10,1,2,300,"{'max_depth': 10, 'min_samples_leaf': 1, 'min_samples_split': 2, 'n_estimators': 300}",-3207596.188580738,-5268768.107887474,-3514597.9265584326,-3646223.566842726,-3990287.997522181,-3925494.7574783103,717047.8947293606,24
30,0.8260964393615723,0.005058767307218933,0.017351484298706053,0.0003913845176900414,10,1,5,100,"{'max_depth': 10, 'min_samples_leaf': 1, 'min_samples_split': 5, 'n_estimators': 100}",-3267751.147155564,-5227907.093657639,-3501304.5628996217,-3720824.5647660187,-4091982.8087401795,-3961954.035443804,688738.5041912842,37
31,1.6642218112945557,0.031821659735491684,0.032360172271728514,0.0010659921740112316,10,1,5,200,"{'max_depth': 10, 'min_samples_leaf': 1, 'min_samples_split': 5, 'n_estimators': 200}",-3204064.0315462835,-5237962.881031061,-3455153.9624294024,-3715830.61571912,-3985095.136784773,-3919621.3255021283,708744.5382767087,16
32,2.4714430809020995,0.010888753813537662,0.04692378044128418,0.0006602286431514866,10,1,5,300,"{'max_depth': 10, 'min_samples_leaf': 1, 'min_samples_split': 5, 'n_estimators': 300}",-3216252.726090741,-5177390.467509463,-3489444.1508879885,-3696824.6098648487,-3974491.221292611,-3910880.6351291304,680298.4766122357,9
33,0.7982017517089843,0.004877293048342381,0.017042016983032225,0.00025622606764423713,10,1,10,100,"{'max_depth': 10, 'min_samples_leaf': 1, 'min_samples_split': 10, 'n_estimators': 100}",-3471714.887359346,-5278628.075739375,-3556416.553122838,-3829858.1360978927,-4149858.9348775716,-4057295.317439405,655092.8755317772,93
34,1.5982268810272218,0.008147121652076124,0.03163824081420898,0.0002900522318171812,10,1,10,200,"{'max_depth': 10, 'min_samples_leaf': 1, 'min_samples_split': 10, 'n_estimators': 200}",-3357151.018154991,-5334079.908971051,-3500934.565881856,-3801152.584128714,-4052033.359069484,-4009070.2872412195,704830.0134376308,63
35,2.381555461883545,0.008658340500625776,0.04608416557312012,0.0005067344239975216,10,1,10,300,"{'max_depth': 10, 'min_samples_leaf': 1, 'min_samples_split': 10, 'n_estimators': 300}",-3375592.18601452,-5260750.809894832,-3536867.700530805,-3808699.099397329,-4034941.9642990227,-4003370.3520273017,668076.2574294572,60
36,0.827520227432251,0.0029218732186171827,0.017406177520751954,0.0005010889600323763,10,2,2,100,"{'max_depth': 10, 'min_samples_leaf': 2, 'min_samples_split': 2, 'n_estimators': 100}",-3295796.846125359,-5148468.408709282,-3581204.1940937163,-3689578.491747289,-4110942.8415101087,-3965198.156437151,646975.375121229,39
37,1.6780999183654786,0.03642601239073334,0.033064746856689455,0.0010366913750421175,10,2,2,200,"{'max_depth': 10, 'min_samples_leaf': 2, 'min_samples_split': 2, 'n_estimators': 200}",-3199321.059712081,-5302793.426249673,-3502283.4645567015,-3677906.8200382004,-4021521.5782487383,-3940765.269761079,731128.2589435944,31
38,2.4619577884674073,0.00499062556940537,0.047322320938110354,0.00031894462328268126,10,2,2,300,"{'max_depth': 10, 'min_samples_leaf': 2, 'min_samples_split': 2, 'n_estimators': 300}",-3221299.151080382,-5272001.527821742,-3528243.8048426546,-3669526.1603640066,-4026656.4647509074,-3943545.4217719384,712868.1133758959,32
39,0.816102933883667,0.0029931630083277396,0.017110252380371095,0.0001347611831120034,10,2,5,100,"{'max_depth': 10, 'min_samples_leaf': 2, 'min_samples_split': 5, 'n_estimators': 100}",-3317202.012940738,-5147152.387100232,-3559207.061732761,-3702874.469639742,-4117723.5720529277,-3968831.9006932797,644011.6882363245,40
40,1.6441891670227051,0.03272394249368043,0.03236823081970215,0.0013658801545280235,10,2,5,200,"{'max_depth': 10, 'min_samples_leaf': 2, 'min_samples_split': 5, 'n_estimators': 200}",-3204409.0436364533,-5258635.0765219,-3501393.5252848803,-3683590.761288736,-4018236.0834492133,-3933252.8980362364,713289.1595005764,29
41,2.4431765556335447,0.006624163640893072,0.04734792709350586,0.000746050594691657,10,2,5,300,"{'max_depth': 10, 'min_samples_leaf': 2, 'min_samples_split': 5, 'n_estimators': 300}",-3227758.3336228332,-5195718.168969401,-3534652.717170975,-3666189.5410552975,-4015414.7024040716,-3927946.6926445155,682401.0352535578,27
42,0.7873868942260742,0.0029651640289065635,0.017058372497558594,0.0006702349378227099,10,2,10,100,"{'max_depth': 10, 'min_samples_leaf': 2, 'min_samples_split': 10, 'n_estimators': 100}",-3479050.0558950827,-5223934.992463781,-3541918.937483465,-3842175.8445341233,-4109283.399536065,-4039272.645982503,633779.708057437,71
43,1.5754488468170167,0.006638860636928004,0.03166022300720215,0.0006897260453646319,10,2,10,200,"{'max_depth': 10, 'min_samples_leaf': 2, 'min_samples_split': 10, 'n_estimators': 200}",-3400199.030531758,-5286918.729619451,-3505813.2800828367,-3792547.4800810083,-4046240.833669917,-4006343.8707969943,678986.7558352891,62
44,2.354650354385376,0.010117461148285593,0.045765018463134764,0.0003536071010153132,10,2,10,300,"{'max_depth': 10, 'min_samples_leaf': 2, 'min_samples_split': 10, 'n_estimators': 300}",-3417480.7354211775,-5203104.162490964,-3530871.5097358725,-3779987.549305735,-4040767.452064049,-3994442.2818035595,641370.8571858518,58
45,0.7862498760223389,0.002387029515934143,0.01693120002746582,0.0005461638273669913,10,4,2,100,"{'max_depth': 10, 'min_samples_leaf': 4, 'min_samples_split': 2, 'n_estimators': 100}",-3377767.937694322,-5380798.987923127,-3599608.054050397,-3875627.274666479,-4149193.1430616607,-4076599.0794791975,701780.9300130948,103
46,1.560097885131836,0.0029471556052022333,0.030973243713378906,0.00019390425762925637,10,4,2,200,"{'max_depth': 10, 'min_samples_leaf': 4, 'min_samples_split': 2, 'n_estimators': 200}",-3336202.480074716,-5359906.726328606,-3573774.4931480642,-3867076.827570444,-4125983.5923461746,-4052588.8238936006,705883.0140725242,84
47,2.337650442123413,0.007411479548982129,0.04617929458618164,0.0003598115691201779,10,4,2,300,"{'max_depth': 10, 'min_samples_leaf': 4, 'min_samples_split': 2, 'n_estimators': 300}",-3366099.5267973067,-5320836.724209314,-3625722.8725488284,-3854773.387699647,-4116170.844526302,-4056720.6711562797,678973.2088139837,89
48,0.7844244480133057,0.004087360232499078,0.01722097396850586,0.0007089271150938825,10,4,5,100,"{'max_depth': 10, 'min_samples_leaf': 4, 'min_samples_split': 5, 'n_estimators': 100}",-3377767.937694322,-5380798.987923127,-3599608.054050397,-3875627.274666479,-4149193.1430616607,-4076599.0794791975,701780.9300130948,103
49,1.5708081722259521,0.00978428870801442,0.03134641647338867,0.00046952970245173436,10,4,5,200,"{'max_depth': 10, 'min_samples_leaf': 4, 'min_samples_split': 5, 'n_estimators': 200}",-3336202.480074716,-5359906.726328606,-3573774.4931480642,-3867076.827570444,-4125983.5923461746,-4052588.8238936006,705883.0140725242,84
50,2.353700351715088,0.02518541102537221,0.04556527137756348,0.0004681641177583141,10,4,5,300,"{'max_depth': 10, 'min_samples_leaf': 4, 'min_samples_split': 5, 'n_estimators': 300}",-3366099.5267973067,-5320836.724209314,-3625722.8725488284,-3854773.387699647,-4116170.844526302,-4056720.6711562797,678973.2088139837,89
51,0.7729668617248535,0.0033008007678458355,0.017121267318725587,0.00038913655919060083,10,4,10,100,"{'max_depth': 10, 'min_samples_leaf': 4, 'min_samples_split': 10, 'n_estimators': 100}",-3463559.991036013,-5362918.530533778,-3563052.9174081655,-3881802.013856835,-4150828.0968798404,-4084432.3099429263,683712.4192232217,108
52,1.547812557220459,0.005442720389793875,0.030904579162597656,0.0006265648677826077,10,4,10,200,"{'max_depth': 10, 'min_samples_leaf': 4, 'min_samples_split': 10, 'n_estimators': 200}",-3425242.9843801656,-5354700.174923927,-3550389.974467169,-3863137.574919991,-4134574.018630102,-4065608.9454642707,690366.0170180941,95
53,2.317731761932373,0.008826034578418773,0.045264482498168945,0.0003988661169526199,10,4,10,300,"{'max_depth': 10, 'min_samples_leaf': 4, 'min_samples_split': 10, 'n_estimators': 300}",-3441781.9438954513,-5318334.1998066865,-3602638.393366854,-3856354.6863859165,-4123021.8168871803,-4068426.208068418,666313.1877379513,100
54,1.4384544849395753,0.0056102087757689675,0.030754470825195314,0.00027699755767152074,20,1,2,100,"{'max_depth': 20, 'min_samples_leaf': 1, 'min_samples_split': 2, 'n_estimators': 100}",-3298675.742538607,-5307626.132889643,-3540172.4239891567,-3824967.1124161477,-4079651.3644246943,-4010218.5552516496,699948.8516189175,64
55,2.872339105606079,0.007379540050940308,0.05988645553588867,0.0011018478662687394,20,1,2,200,"{'max_depth': 20, 'min_samples_leaf': 1, 'min_samples_split': 2, 'n_estimators': 200}",-3164890.3980903057,-5318772.33783287,-3473225.764989153,-3731656.8753673984,-3989956.1752952505,-3935700.3103149952,743706.4315158976,30
56,4.317435216903687,0.012269550706009352,0.08769984245300293,0.0004204388551232447,20,1,2,300,"{'max_depth': 20, 'min_samples_leaf': 1, 'min_samples_split': 2, 'n_estimators': 300}",-3178237.8532593735,-5244357.687026315,-3503129.101687921,-3726868.387907526,-3959483.937297658,-3922415.3934357585,709470.9777924942,20
57,1.2245646476745606,0.03114337802357467,0.025629806518554687,0.0005247756036028554,20,1,5,100,"{'max_depth': 20, 'min_samples_leaf': 1, 'min_samples_split': 5, 'n_estimators': 100}",-3244246.3488805955,-5242753.37677987,-3503236.123148058,-3785263.4191375175,-4044045.64719878,-3963908.983028964,693384.8710046539,38
58,2.420932245254517,0.013021871069343228,0.048812580108642575,0.0007317247804890616,20,1,5,200,"{'max_depth': 20, 'min_samples_leaf': 1, 'min_samples_split': 5, 'n_estimators': 200}",-3154379.0013540373,-5258503.350269434,-3441005.8700544736,-3744701.7208373817,-3933958.6649418054,-3906509.721491427,726252.917612804,6
59,3.642756223678589,0.015428895188217677,0.07204232215881348,0.0005411928779089962,20,1,5,300,"{'max_depth': 20, 'min_samples_leaf': 1, 'min_samples_split': 5, 'n_estimators': 300}",-3183265.675938627,-5183496.667258422,-3487780.5774714723,-3735530.7838651044,-3916317.169368603,-3901278.1747804456,686775.7775110194,4
60,1.0432233810424805,0.009933617699693626,0.022387313842773437,0.00023566223436438693,20,1,10,100,"{'max_depth': 20, 'min_samples_leaf': 1, 'min_samples_split': 10, 'n_estimators': 100}",-3414458.2317053447,-5283794.349221818,-3515789.237758367,-3847588.217497052,-4097671.3703460284,-4031860.281305722,671288.4352033371,70
61,2.0914384841918947,0.011341102091380903,0.04276995658874512,0.0006984198452246514,20,1,10,200,"{'max_depth': 20, 'min_samples_leaf': 1, 'min_samples_split': 10, 'n_estimators': 200}",-3311299.373418317,-5324832.305303864,-3463206.228635771,-3809221.318889421,-4009504.380103894,-3983612.7212702534,714532.1360292769,53
62,3.122280502319336,0.020302178181750532,0.06275420188903809,0.0007875590872712414,20,1,10,300,"{'max_depth': 20, 'min_samples_leaf': 1, 'min_samples_split': 10, 'n_estimators': 300}",-3332337.1760904975,-5240460.713930299,-3505598.707918607,-3817383.3198576835,-3996891.2776012253,-3978534.2390796617,672310.0011763526,50
63,1.1727890968322754,0.007460837711922117,0.026029682159423827,0.0008852314517234944,20,2,2,100,"{'max_depth': 20, 'min_samples_leaf': 2, 'min_samples_split': 2, 'n_estimators': 100}",-3283784.6235892684,-5143496.2878660085,-3563362.2759311567,-3788899.38315508,-4021930.7462876565,-3960294.6633658344,640056.651731611,34
64,2.3661271572113036,0.027324671019026754,0.049682092666625974,0.0010708089308835188,20,2,2,200,"{'max_depth': 20, 'min_samples_leaf': 2, 'min_samples_split': 2, 'n_estimators': 200}",-3168209.6509282244,-5287351.52007806,-3487575.3014010363,-3730923.0280066486,-3941585.0447170143,-3923128.9090261967,729108.6467064819,21
65,3.530072736740112,0.02469475599087546,0.0728067398071289,0.00040607091235538733,20,2,2,300,"{'max_depth': 20, 'min_samples_leaf': 2, 'min_samples_split': 2, 'n_estimators': 300}",-3190435.6828323533,-5219068.283980626,-3502628.382163591,-3707761.65387786,-3946353.9927862664,-3913249.5991281397,698506.0308465245,12
66,1.1282366275787354,0.005839342303509404,0.025071382522583008,0.0009001870744815903,20,2,5,100,"{'max_depth': 20, 'min_samples_leaf': 2, 'min_samples_split': 5, 'n_estimators': 100}",-3287608.8620724096,-5146870.079837544,-3535707.163893968,-3772424.3370259735,-4039982.8634242597,-3956518.661250831,645339.6204685244,33
67,2.2583271503448485,0.009338591689242347,0.04740386009216309,0.0006812192237144581,20,2,5,200,"{'max_depth': 20, 'min_samples_leaf': 2, 'min_samples_split': 5, 'n_estimators': 200}",-3182373.1205710424,-5237076.27614436,-3480429.672772111,-3744393.4014110644,-3962572.2557870317,-3921368.945337122,707763.5350018708,17
68,3.358823776245117,0.02765906784013638,0.06942572593688964,0.0013109740765768856,20,2,5,300,"{'max_depth': 20, 'min_samples_leaf': 2, 'min_samples_split': 5, 'n_estimators': 300}",-3209890.8134301915,-5182821.765536452,-3506087.272205995,-3717860.0975229093,-3955993.018787041,-3914530.5934965177,680044.716196025,13
69,0.9933179378509521,0.010812938155725297,0.021625423431396486,0.0003645164369755096,20,2,10,100,"{'max_depth': 20, 'min_samples_leaf': 2, 'min_samples_split': 10, 'n_estimators': 100}",-3454378.698866426,-5224666.553599835,-3513040.617859319,-3849546.9519230654,-4056744.372473862,-4019675.4389445013,641647.978350501,65
70,1.9905517578125,0.015002549092063298,0.04151158332824707,0.000924055929024593,20,2,10,200,"{'max_depth': 20, 'min_samples_leaf': 2, 'min_samples_split': 10, 'n_estimators': 200}",-3368248.267558191,-5264854.422218306,-3471720.8037286284,-3800665.639438027,-4000861.2139691934,-3981270.069382469,680591.9111401519,52
71,2.976463031768799,0.02760708819750925,0.06066250801086426,0.0009433981499746933,20,2,10,300,"{'max_depth': 20, 'min_samples_leaf': 2, 'min_samples_split': 10, 'n_estimators': 300}",-3387056.0108681717,-5186311.924916118,-3496168.923680467,-3795434.6365264906,-3998371.8939079833,-3972668.6779798465,644204.4245923762,44
72,0.9659233093261719,0.009665000293413058,0.021958398818969726,0.0002937783399296568,20,4,2,100,"{'max_depth': 20, 'min_samples_leaf': 4, 'min_samples_split': 2, 'n_estimators': 100}",-3364415.1756549627,-5362102.649054016,-3587377.140289117,-3897851.127763543,-4131467.811137426,-4068642.7807798134,697668.73809168,101
73,1.92412371635437,0.016303189276179263,0.04071297645568848,0.000807016041051971,20,4,2,200,"{'max_depth': 20, 'min_samples_leaf': 4, 'min_samples_split': 2, 'n_estimators': 200}",-3320083.561568826,-5343795.737484348,-3563386.9134229887,-3877141.931711567,-4106188.1561403777,-4042119.260065621,703733.5012355204,76
74,2.8768800258636475,0.012256914960489739,0.06020236015319824,0.0010719999382976825,20,4,2,300,"{'max_depth': 20, 'min_samples_leaf': 4, 'min_samples_split': 2, 'n_estimators': 300}",-3349166.4599682386,-5306383.3173390245,-3612591.9661568794,-3862622.449479126,-4091768.8909226465,-4044506.616773183,677893.2923968924,82
75,0.9612488746643066,0.008684276149936167,0.021669292449951173,0.0004894868395468702,20,4,5,100,"{'max_depth': 20, 'min_samples_leaf': 4, 'min_samples_split': 5, 'n_estimators': 100}",-3364415.1756549627,-5362102.649054016,-3587377.140289117,-3897851.127763543,-4131467.811137426,-4068642.7807798134,697668.73809168,101
76,1.927368974685669,0.014276717835611928,0.040933752059936525,0.0005448082621109402,20,4,5,200,"{'max_depth': 20, 'min_samples_leaf': 4, 'min_samples_split': 5, 'n_estimators': 200}",-3320083.561568826,-5343795.737484348,-3563386.9134229887,-3877141.931711567,-4106188.1561403777,-4042119.260065621,703733.5012355204,76
77,2.8867901802062987,0.01707071083713822,0.060323047637939456,0.000875610938563769,20,4,5,300,"{'max_depth': 20, 'min_samples_leaf': 4, 'min_samples_split': 5, 'n_estimators': 300}",-3349166.4599682386,-5306383.3173390245,-3612591.9661568794,-3862622.449479126,-4091768.8909226465,-4044506.616773183,677893.2923968924,82
78,0.9450308322906494,0.012991740250129965,0.021043872833251952,0.000585589202133862,20,4,10,100,"{'max_depth': 20, 'min_samples_leaf': 4, 'min_samples_split': 10, 'n_estimators': 100}",-3440803.7503817556,-5363842.781715729,-3547990.891265178,-3906723.7998042325,-4126838.136582935,-4077239.871949966,688772.5584726807,105
79,1.8607335567474366,0.012784114754464608,0.039619159698486325,0.000759171276008975,20,4,10,200,"{'max_depth': 20, 'min_samples_leaf': 4, 'min_samples_split': 10, 'n_estimators': 200}",-3404165.0234827134,-5342876.05858977,-3540507.6121281064,-3878350.6341399774,-4110675.345807295,-4055314.9348295727,690103.9882213227,88
80,2.792369556427002,0.01614584627938476,0.05868263244628906,0.0011635797628160526,20,4,10,300,"{'max_depth': 20, 'min_samples_leaf': 4, 'min_samples_split': 10, 'n_estimators': 300}",-3421990.633373614,-5306709.019365071,-3589723.1327789957,-3870583.1371380175,-4097947.2855982343,-4057390.641650786,666300.8874942609,94
81,1.4565586566925048,0.010419548766208183,0.03196268081665039,0.0007870029859659866,30,1,2,100,"{'max_depth': 30, 'min_samples_leaf': 1, 'min_samples_split': 2, 'n_estimators': 100}",-3296346.7381144483,-5355413.645342943,-3488961.9165668753,-3763264.061399549,-4073411.3687870996,-3995479.546042183,728665.2107566729,59
82,2.916270685195923,0.022961821202160664,0.06062126159667969,0.0008293435425064513,30,1,2,200,"{'max_depth': 30, 'min_samples_leaf': 1, 'min_samples_split': 2, 'n_estimators': 200}",-3124334.0731544592,-5353208.955447866,-3441435.941598091,-3706544.6829114123,-3968458.065017216,-3918796.343625809,769948.0304057292,14
83,4.342503690719605,0.026670658832569534,0.09041528701782227,0.0011585552534208985,30,1,2,300,"{'max_depth': 30, 'min_samples_leaf': 1, 'min_samples_split': 2, 'n_estimators': 300}",-3158303.9702847144,-5291932.451692712,-3467715.521579558,-3685177.829012345,-3935289.624129082,-3907683.8793396824,737774.6991547516,8
84,1.2091015338897706,0.009855359690329683,0.02619771957397461,0.0003567963278854856,30,1,5,100,"{'max_depth': 30, 'min_samples_leaf': 1, 'min_samples_split': 5, 'n_estimators': 100}",-3277191.6509623,-5224646.466310119,-3494965.017998788,-3777932.9301968347,-4076971.0061659724,-3970341.4143268033,682365.2058377429,41
85,2.4316861152648928,0.021653052765449463,0.049659347534179686,0.0004170277120127024,30,1,5,200,"{'max_depth': 30, 'min_samples_leaf': 1, 'min_samples_split': 5, 'n_estimators': 200}",-3160437.6352261696,-5222434.335350553,-3435545.554348726,-3735733.3883892833,-3947623.9309347863,-3900354.9688499034,712846.9573846095,3
86,3.6280980110168457,0.021142325991891628,0.07251253128051757,0.0013121659347168446,30,1,5,300,"{'max_depth': 30, 'min_samples_leaf': 1, 'min_samples_split': 5, 'n_estimators': 300}",-3175429.570605942,-5152156.235438609,-3475407.670247071,-3733227.0359588726,-3924961.2597631197,-3892236.3544027223,678426.2828995236,1
87,1.0481351852416991,0.025556350055306338,0.023070573806762695,0.00037510748971083976,30,1,10,100,"{'max_depth': 30, 'min_samples_leaf': 1, 'min_samples_split': 10, 'n_estimators': 100}",-3423195.958839627,-5277693.202869135,-3510514.3953636526,-3839199.4863388864,-4100406.27132847,-4030201.8629479543,668756.523944442,69
88,2.091161108016968,0.00897410560814613,0.042923927307128906,0.0009048730960202405,30,1,10,200,"{'max_depth': 30, 'min_samples_leaf': 1, 'min_samples_split': 10, 'n_estimators': 200}",-3320980.5735380207,-5327781.15709128,-3459752.258178651,-3806864.558715421,-4014944.1701084836,-3986064.543526371,714491.6300905505,57
89,3.1231894969940184,0.02207623038827404,0.06253776550292969,0.0009171997332526289,30,1,10,300,"{'max_depth': 30, 'min_samples_leaf': 1, 'min_samples_split': 10, 'n_estimators': 300}",-3334530.2744510076,-5245528.917349057,-3503508.2809244883,-3810726.3025078587,-3996576.0200285935,-3978173.9590522014,674410.9492838086,49
90,1.1729901790618897,0.006332655149912868,0.02594761848449707,0.00041972888725603217,30,2,2,100,"{'max_depth': 30, 'min_samples_leaf': 2, 'min_samples_split': 2, 'n_estimators': 100}",-3294499.978331337,-5165878.70008888,-3553054.937878789,-3765357.3021365395,-4026518.581376839,-3961061.8999624774,648836.3222101821,36
91,2.34993257522583,0.015225714424234026,0.04996323585510254,0.0006363566868942496,30,2,2,200,"{'max_depth': 30, 'min_samples_leaf': 2, 'min_samples_split': 2, 'n_estimators': 200}",-3167221.150999158,-5313101.330175635,-3479149.8094030037,-3715309.8396479697,-3955534.6563429744,-3926063.3573137484,740909.3270065301,25
92,3.521881628036499,0.024631881274016273,0.07248158454895019,0.0002784676094075094,30,2,2,300,"{'max_depth': 30, 'min_samples_leaf': 2, 'min_samples_split': 2, 'n_estimators': 300}",-3201901.674778529,-5262536.88975189,-3508609.5744172903,-3686575.1157142557,-3956250.022890896,-3923174.6555105723,713170.8681469023,22
93,1.1234070777893066,0.0057446223729452,0.024793338775634766,0.0002772844934259514,30,2,5,100,"{'max_depth': 30, 'min_samples_leaf': 2, 'min_samples_split': 5, 'n_estimators': 100}",-3257226.8498225925,-5163940.612085753,-3556978.049632291,-3825215.016946544,-4060741.1332910745,-3972820.3323556506,653189.6743676879,45
94,2.2456318855285646,0.017462753008312806,0.04760589599609375,0.0007000544489337263,30,2,5,200,"{'max_depth': 30, 'min_samples_leaf': 2, 'min_samples_split': 5, 'n_estimators': 200}",-3160493.9716679947,-5257775.408561383,-3480406.642422512,-3744399.8887181263,-3967860.810149932,-3922187.3443039893,720116.2273835212,19
95,3.362108278274536,0.01708377337531859,0.06906213760375976,0.0010767451897811591,30,2,5,300,"{'max_depth': 30, 'min_samples_leaf': 2, 'min_samples_split': 5, 'n_estimators': 300}",-3183301.353671876,-5191050.342066018,-3510789.3151822146,-3717051.952776066,-3954443.8436866896,-3911327.3614765727,688149.0343060875,11
96,1.000170850753784,0.015177678024844186,0.02249112129211426,0.00044494356167150987,30,2,10,100,"{'max_depth': 30, 'min_samples_leaf': 2, 'min_samples_split': 10, 'n_estimators': 100}",-3461898.6179252677,-5216402.829471325,-3516768.714490206,-3860327.5866226517,-4054593.0804774207,-4021998.1657973737,636045.6913201209,66
97,1.9962899684906006,0.022842800131069155,0.041134977340698244,0.0004256062030234469,30,2,10,200,"{'max_depth': 30, 'min_samples_leaf': 2, 'min_samples_split': 10, 'n_estimators': 200}",-3374975.0433295686,-5264566.61832587,-3475269.37451459,-3808225.1736480924,-3998135.8922250355,-3984234.420408631,678331.1063762521,55
98,3.019926929473877,0.03430834444344613,0.06208019256591797,0.0010164554778352383,30,2,10,300,"{'max_depth': 30, 'min_samples_leaf': 2, 'min_samples_split': 10, 'n_estimators': 300}",-3392763.4186773896,-5183951.484563273,-3497426.456369943,-3798357.3549202816,-3999856.693962319,-3974471.081698641,641943.7200808185,47
99,0.9738620758056641,0.005919990029603025,0.022289848327636717,0.0006144669045706817,30,4,2,100,"{'max_depth': 30, 'min_samples_leaf': 4, 'min_samples_split': 2, 'n_estimators': 100}",-3359170.9116452476,-5359170.393285054,-3580204.8083800166,-3894539.6461697016,-4136044.8728361037,-4065826.1264632246,698884.6514841674,96
100,1.9419000148773193,0.01382345072509218,0.04134302139282227,0.0005869533132759134,30,4,2,200,"{'max_depth': 30, 'min_samples_leaf': 4, 'min_samples_split': 2, 'n_estimators': 200}",-3315185.2721619485,-5338547.092140223,-3561270.921321006,-3874346.503245173,-4107947.791981063,-4039459.5161698824,703252.3009244928,72
101,2.9112617492675783,0.019844143042824513,0.06082372665405274,0.0007757906596636404,30,4,2,300,"{'max_depth': 30, 'min_samples_leaf': 4, 'min_samples_split': 2, 'n_estimators': 300}",-3346470.4961397974,-5301341.050369462,-3612117.4113826915,-3863545.370343936,-4094026.5187769504,-4043500.169402567,676615.366784194,78
102,0.9763020992279052,0.007794916562327719,0.0221102237701416,0.00044409037772349567,30,4,5,100,"{'max_depth': 30, 'min_samples_leaf': 4, 'min_samples_split': 5, 'n_estimators': 100}",-3359170.9116452476,-5359170.393285054,-3580204.8083800166,-3894539.6461697016,-4136044.8728361037,-4065826.1264632246,698884.6514841674,96
103,1.9501123428344727,0.009055634740318974,0.04161195755004883,0.0010027135053630664,30,4,5,200,"{'max_depth': 30, 'min_samples_leaf': 4, 'min_samples_split': 5, 'n_estimators': 200}",-3315185.2721619485,-5338547.092140223,-3561270.921321006,-3874346.503245173,-4107947.791981063,-4039459.5161698824,703252.3009244928,72
104,2.9126131534576416,0.02011200691602283,0.060416126251220705,0.0003321717806679379,30,4,5,300,"{'max_depth': 30, 'min_samples_leaf': 4, 'min_samples_split': 5, 'n_estimators': 300}",-3346470.4961397974,-5301341.050369462,-3612117.4113826915,-3863545.370343936,-4094026.5187769504,-4043500.169402567,676615.366784194,78
105,0.9432909488677979,0.00612231169277117,0.020955324172973633,0.00047220996229201275,30,4,10,100,"{'max_depth': 30, 'min_samples_leaf': 4, 'min_samples_split': 10, 'n_estimators': 100}",-3446366.86833419,-5363416.395339852,-3544158.548863063,-3913357.435532671,-4126190.828503783,-4078698.0153147117,687847.2957332623,106
106,1.8947455406188964,0.0237338957292869,0.04050235748291016,0.000269306440296669,30,4,10,200,"{'max_depth': 30, 'min_samples_leaf': 4, 'min_samples_split': 10, 'n_estimators': 200}",-3405051.7660062513,-5341962.444019821,-3537143.7649785616,-3882653.9693456762,-4108893.341398035,-4055141.0571496687,689853.2693817418,86
107,2.8202646255493162,0.02011127258628945,0.058503246307373045,0.0006287745271381846,30,4,10,300,"{'max_depth': 30, 'min_samples_leaf': 4, 'min_samples_split': 10, 'n_estimators': 300}",-3421698.8003744814,-5305696.142351439,-3587162.734666718,-3873242.1265072506,-4096355.1517865476,-4056830.9911372876,666170.0034206863,91
