,mean_fit_time,std_fit_time,mean_score_time,std_score_time,param_colsample_bytree,param_learning_rate,param_max_depth,param_n_estimators,param_subsample,params,split0_test_score,split1_test_score,split2_test_score,split3_test_score,split4_test_score,mean_test_score,std_test_score,rank_test_score
0,0.06958451271057128,0.0045701359813719,0.006001091003417969,3.846157995238453e-06,0.8,0.01,3,100,0.8,"{'colsample_bytree': 0.8, 'learning_rate': 0.01, 'max_depth': 3, 'n_estimators': 100, 'subsample': 0.8}",-159568402931.78406,-225265083795.52853,-141496209952.24533,-148558630303.6146,-98571967257.91934,-154692058848.21838,40903654202.85981,243
1,0.07526264190673829,0.006615691562503241,0.006020307540893555,0.0006803122984658976,0.8,0.01,3,100,0.9,"{'colsample_bytree': 0.8, 'learning_rate': 0.01, 'max_depth': 3, 'n_estimators': 100, 'subsample': 0.9}",-159710336913.58533,-224484748641.35635,-141557489000.4388,-147942034650.95844,-98264869315.12909,-154391895704.2936,40737843939.24316,241
2,0.060686492919921876,0.002601750858748674,0.005840110778808594,0.0011060501832684446,0.8,0.01,3,100,1.0,"{'colsample_bytree': 0.8, 'learning_rate': 0.01, 'max_depth': 3, 'n_estimators': 100, 'subsample': 1.0}",-158955635449.40875,-223447151489.4535,-142292353387.852,-149213912612.87607,-98376818340.04459,-154457174255.92697,40250053641.83669,242
3,0.11294183731079102,0.0036923088815294654,0.006201028823852539,0.0003985193187146478,0.8,0.01,3,200,0.8,"{'colsample_bytree': 0.8, 'learning_rate': 0.01, 'max_depth': 3, 'n_estimators': 200, 'subsample': 0.8}",-92283399528.70056,-113977387648.92622,-80000468303.69676,-77552625881.46643,-52435088903.181656,-83249794053.19432,20091555104.35703,214
4,0.11961007118225098,0.01349937229470194,0.006073522567749024,0.0006392217825977731,0.8,0.01,3,200,0.9,"{'colsample_bytree': 0.8, 'learning_rate': 0.01, 'max_depth': 3, 'n_estimators': 200, 'subsample': 0.9}",-93835830836.0709,-114270868517.92525,-80586453834.27913,-76528989274.58562,-51490293811.264946,-83342487254.82516,20665220681.994312,215
5,0.10528984069824218,0.0019533478853708563,0.006057071685791016,0.0005898108158675415,0.8,0.01,3,200,1.0,"{'colsample_bytree': 0.8, 'learning_rate': 0.01, 'max_depth': 3, 'n_estimators': 200, 'subsample': 1.0}",-93503216804.0353,-114346324662.9702,-81528366074.4838,-76985604475.00906,-51763055637.514656,-83625313530.80258,20518478993.807728,216
6,0.16132941246032714,0.0020902108972015365,0.006232023239135742,0.0003877929603020059,0.8,0.01,3,300,0.8,"{'colsample_bytree': 0.8, 'learning_rate': 0.01, 'max_depth': 3, 'n_estimators': 300, 'subsample': 0.8}",-80753757075.61357,-84532579575.54886,-65852599695.29804,-65231893317.680824,-42900695565.28379,-67854305045.885025,14684190121.673342,143
7,0.1998441696166992,0.030185217372259945,0.006925535202026367,0.0008720745766412378,0.8,0.01,3,300,0.9,"{'colsample_bytree': 0.8, 'learning_rate': 0.01, 'max_depth': 3, 'n_estimators': 300, 'subsample': 0.9}",-82623305141.5831,-85098181034.4987,-66310564651.31564,-64421828942.6798,-42476045953.25474,-68185985144.6664,15317608335.999136,150
8,0.15616874694824218,0.011815189200791882,0.006427145004272461,0.0005691836921785868,0.8,0.01,3,300,1.0,"{'colsample_bytree': 0.8, 'learning_rate': 0.01, 'max_depth': 3, 'n_estimators': 300, 'subsample': 1.0}",-82638170973.97894,-85308502781.54138,-67558353327.148315,-64843605959.151024,-42894539219.6389,-68648634452.29171,15180241900.955095,160
9,0.09450178146362305,0.003520766877868473,0.005781650543212891,0.0003928661028119674,0.8,0.01,5,100,0.8,"{'colsample_bytree': 0.8, 'learning_rate': 0.01, 'max_depth': 5, 'n_estimators': 100, 'subsample': 0.8}",-149483354081.04517,-214344547884.9923,-126811552832.4818,-132814488063.66203,-87247886555.71196,-142140365883.57864,41478891421.032845,230
10,0.09172425270080567,0.0014138288208289007,0.005623817443847656,0.0004566025412197878,0.8,0.01,5,100,0.9,"{'colsample_bytree': 0.8, 'learning_rate': 0.01, 'max_depth': 5, 'n_estimators': 100, 'subsample': 0.9}",-152136835452.5183,-213815311442.00937,-126189685123.75375,-131416448847.02765,-86702082361.11751,-142052072645.28534,41665376847.9119,229
11,0.08681144714355468,0.0019504251658322312,0.006084156036376953,0.0006054908839785456,0.8,0.01,5,100,1.0,"{'colsample_bytree': 0.8, 'learning_rate': 0.01, 'max_depth': 5, 'n_estimators': 100, 'subsample': 1.0}",-160336283437.55518,-218096428669.67273,-127212846498.50949,-130324412127.37534,-87184937939.12163,-144630981734.44687,43478605570.39969,234
12,0.1689089298248291,0.0022606984976697693,0.006694126129150391,0.000817723597875331,0.8,0.01,5,200,0.8,"{'colsample_bytree': 0.8, 'learning_rate': 0.01, 'max_depth': 5, 'n_estimators': 200, 'subsample': 0.8}",-85203917059.85675,-109459682448.65508,-65995650009.24408,-64065898317.82721,-45478244420.07997,-74040678451.13261,21721671664.62395,195
13,0.1674783706665039,0.0020685392207792424,0.006859922409057617,0.00043471652919529834,0.8,0.01,5,200,0.9,"{'colsample_bytree': 0.8, 'learning_rate': 0.01, 'max_depth': 5, 'n_estimators': 200, 'subsample': 0.9}",-90297671784.2543,-108883057154.1725,-65612118757.54988,-64315003126.51686,-45506129077.387924,-74922795979.97629,22155091587.427685,198
14,0.1570962429046631,0.0010899645896417743,0.006544160842895508,0.000819022274011554,0.8,0.01,5,200,1.0,"{'colsample_bytree': 0.8, 'learning_rate': 0.01, 'max_depth': 5, 'n_estimators': 200, 'subsample': 1.0}",-97225318013.11168,-114411091623.70479,-64803822972.39432,-64893997478.75222,-46144067372.157135,-77495659492.02402,24717667701.52758,203
15,0.24694032669067384,0.006562056929227366,0.0071734428405761715,0.00019893738818661853,0.8,0.01,5,300,0.8,"{'colsample_bytree': 0.8, 'learning_rate': 0.01, 'max_depth': 5, 'n_estimators': 300, 'subsample': 0.8}",-78091317647.2741,-83166154903.98224,-54167271227.667046,-53202220082.81223,-39374105724.49817,-61600213917.24675,16473136530.384378,24
16,0.24389128684997557,0.004303528907654495,0.007272052764892578,0.00037020702807213153,0.8,0.01,5,300,0.9,"{'colsample_bytree': 0.8, 'learning_rate': 0.01, 'max_depth': 5, 'n_estimators': 300, 'subsample': 0.9}",-84284131359.1591,-82354839292.68762,-53667786382.305664,-53541719860.81793,-40522242721.46123,-62874143923.286316,17374370201.362144,50
17,0.22796988487243652,0.0026190053867646028,0.0070326805114746095,6.030385931168451e-05,0.8,0.01,5,300,1.0,"{'colsample_bytree': 0.8, 'learning_rate': 0.01, 'max_depth': 5, 'n_estimators': 300, 'subsample': 1.0}",-92932138458.38556,-88100574672.87036,-51405365333.104904,-54899987590.92286,-42789700852.795586,-66025553381.61586,20438707596.03322,114
18,0.14240670204162598,0.007282631657067977,0.006200361251831055,0.00040004569899331513,0.8,0.01,7,100,0.8,"{'colsample_bytree': 0.8, 'learning_rate': 0.01, 'max_depth': 7, 'n_estimators': 100, 'subsample': 0.8}",-148069736776.32645,-213480971384.0238,-123159146593.08395,-131129693832.98167,-85236195425.27489,-140215148802.33817,42013600961.1453,222
19,0.1399230480194092,0.002367674130385761,0.006358814239501953,0.000531292817596639,0.8,0.01,7,100,0.9,"{'colsample_bytree': 0.8, 'learning_rate': 0.01, 'max_depth': 7, 'n_estimators': 100, 'subsample': 0.9}",-149052071417.8315,-211841636118.56436,-122352383715.15506,-128628835576.80275,-85003269379.96376,-139375639241.66348,41729111337.607765,219
20,0.14129581451416015,0.005348181891576006,0.006397056579589844,0.0004931966029437209,0.8,0.01,7,100,1.0,"{'colsample_bytree': 0.8, 'learning_rate': 0.01, 'max_depth': 7, 'n_estimators': 100, 'subsample': 1.0}",-155602920292.65216,-216920029613.65295,-122793037138.15,-127202065567.98555,-83907300002.96562,-141285070523.08124,44177240148.72402,223
21,0.26599936485290526,0.0032981034077553843,0.007463979721069336,0.0009664187204849636,0.8,0.01,7,200,0.8,"{'colsample_bytree': 0.8, 'learning_rate': 0.01, 'max_depth': 7, 'n_estimators': 200, 'subsample': 0.8}",-84373184078.99377,-110872457286.2348,-62741773661.30822,-60957238743.62075,-44661425317.19686,-72721215817.47087,22876266545.20796,188
22,0.26834402084350584,0.005644754732911063,0.0070002079010009766,0.0006312797595032199,0.8,0.01,7,200,0.9,"{'colsample_bytree': 0.8, 'learning_rate': 0.01, 'max_depth': 7, 'n_estimators': 200, 'subsample': 0.9}",-87254100730.0443,-111020527853.52238,-61406075713.908844,-60386876656.251656,-44690992403.08326,-72951714671.36209,23424936031.829098,190
23,0.2621447086334229,0.0070861270015398275,0.007095861434936524,0.0006488567898425065,0.8,0.01,7,200,1.0,"{'colsample_bytree': 0.8, 'learning_rate': 0.01, 'max_depth': 7, 'n_estimators': 200, 'subsample': 1.0}",-95744078378.53302,-119644099611.85297,-60731697480.03443,-60115462813.658066,-44775808343.5499,-76202229325.52568,27403727142.52819,201
24,0.3875875949859619,0.007472355415926592,0.008006715774536132,0.000642953839017043,0.8,0.01,7,300,0.8,"{'colsample_bytree': 0.8, 'learning_rate': 0.01, 'max_depth': 7, 'n_estimators': 300, 'subsample': 0.8}",-77881622328.89717,-84030914461.95508,-50773920102.374794,-50015386168.90211,-38990759952.279854,-60338520602.8818,17452022902.88711,11
25,0.396926736831665,0.0033867723311279564,0.008303451538085937,0.0004441674114795962,0.8,0.01,7,300,0.9,"{'colsample_bytree': 0.8, 'learning_rate': 0.01, 'max_depth': 7, 'n_estimators': 300, 'subsample': 0.9}",-81236966708.4625,-85292849180.19566,-50127962877.47121,-49774817942.91016,-40089143386.737175,-61304348019.155334,18334034100.416782,20
26,0.38900136947631836,0.006504310663513649,0.008225107192993164,0.0007438957471266027,0.8,0.01,7,300,1.0,"{'colsample_bytree': 0.8, 'learning_rate': 0.01, 'max_depth': 7, 'n_estimators': 300, 'subsample': 1.0}",-91247014708.60548,-94301220268.77544,-48144995795.53516,-50106843654.98068,-41464620472.788605,-65052938980.13706,22835343832.815643,97
27,0.0656740665435791,0.004506187145661966,0.006000661849975586,0.000632109653377535,0.8,0.1,3,100,0.8,"{'colsample_bytree': 0.8, 'learning_rate': 0.1, 'max_depth': 3, 'n_estimators': 100, 'subsample': 0.8}",-91207333574.31668,-63322545957.531456,-63570466228.83476,-59352011359.64191,-45359235045.21331,-64562318433.10763,14888810226.904005,93
28,0.06285877227783203,0.000800056468091661,0.00541081428527832,0.0005016431517289807,0.8,0.1,3,100,0.9,"{'colsample_bytree': 0.8, 'learning_rate': 0.1, 'max_depth': 3, 'n_estimators': 100, 'subsample': 0.9}",-87458549022.30276,-67147522895.97785,-56360155183.78466,-61982730147.333145,-44118105863.46134,-63413412622.57196,14256341184.094595,63
29,0.06018667221069336,0.0011818845672342292,0.005616950988769531,0.00046886053262934073,0.8,0.1,3,100,1.0,"{'colsample_bytree': 0.8, 'learning_rate': 0.1, 'max_depth': 3, 'n_estimators': 100, 'subsample': 1.0}",-82484825254.19113,-63619909551.07364,-60578755300.09478,-60513159329.79924,-45241490421.390274,-62487627971.309814,11883951720.099787,43
30,0.11016631126403809,0.001817946321450197,0.006073093414306641,0.0006601640331270909,0.8,0.1,3,200,0.8,"{'colsample_bytree': 0.8, 'learning_rate': 0.1, 'max_depth': 3, 'n_estimators': 200, 'subsample': 0.8}",-92521275022.69432,-61819834073.28714,-59626713548.91507,-55026100071.73622,-50155981360.20296,-63829980815.36714,14895536822.667616,69
31,0.11005115509033203,0.0011883141805335126,0.006056308746337891,0.0006761878931081186,0.8,0.1,3,200,0.9,"{'colsample_bytree': 0.8, 'learning_rate': 0.1, 'max_depth': 3, 'n_estimators': 200, 'subsample': 0.9}",-85461494489.55247,-62405223432.14893,-54964211798.45144,-55780306039.07344,-48907782446.561485,-61503803641.157555,12719810884.06444,23
32,0.10299429893493653,0.0014122291760605083,0.005771493911743164,0.0007441052424906568,0.8,0.1,3,200,1.0,"{'colsample_bytree': 0.8, 'learning_rate': 0.1, 'max_depth': 3, 'n_estimators': 200, 'subsample': 1.0}",-81025052518.28694,-56528774681.907036,-59140815523.80289,-55210935399.20043,-48538916857.279755,-60088898996.09541,11037141731.148293,8
33,0.1581791400909424,0.0013354958224081259,0.0062539100646972655,0.00038118674988237044,0.8,0.1,3,300,0.8,"{'colsample_bytree': 0.8, 'learning_rate': 0.1, 'max_depth': 3, 'n_estimators': 300, 'subsample': 0.8}",-92532820774.17426,-61367819653.278755,-58337240241.56352,-52685092193.401695,-55165410685.956566,-64017676709.674965,14554673665.045797,81
34,0.15990118980407714,0.004521908024513121,0.0065018653869628905,0.00046464915796432156,0.8,0.1,3,300,0.9,"{'colsample_bytree': 0.8, 'learning_rate': 0.1, 'max_depth': 3, 'n_estimators': 300, 'subsample': 0.9}",-86054662178.63191,-62318486157.393196,-55028388208.00179,-53380958886.48125,-50654422607.15885,-61487383607.53341,12876549966.533981,22
35,0.14907364845275878,0.00693854464437603,0.006867027282714844,0.001158551997525623,0.8,0.1,3,300,1.0,"{'colsample_bytree': 0.8, 'learning_rate': 0.1, 'max_depth': 3, 'n_estimators': 300, 'subsample': 1.0}",-79480582329.73969,-55782230467.26813,-58355154219.4249,-53599672791.98275,-51207002042.126656,-59684928370.10842,10176176454.601414,4
36,0.08851413726806641,0.00040638563674060457,0.005776166915893555,0.0003889065562846417,0.8,0.1,5,100,0.8,"{'colsample_bytree': 0.8, 'learning_rate': 0.1, 'max_depth': 5, 'n_estimators': 100, 'subsample': 0.8}",-85773210997.83504,-62943050205.439766,-51259364544.8101,-55350821165.55942,-48272220701.94198,-60719733523.11726,13460194999.986156,14
37,0.08898468017578125,0.0011867969884500407,0.006058788299560547,7.035579973832782e-05,0.8,0.1,5,100,0.9,"{'colsample_bytree': 0.8, 'learning_rate': 0.1, 'max_depth': 5, 'n_estimators': 100, 'subsample': 0.9}",-89207382397.75114,-66680600540.78527,-49044579688.19123,-54694951259.16719,-45782926537.31543,-61082088084.64205,15761579814.179518,18
38,0.08462319374084473,0.000997173029071684,0.005797719955444336,0.00039847865381358803,0.8,0.1,5,100,1.0,"{'colsample_bytree': 0.8, 'learning_rate': 0.1, 'max_depth': 5, 'n_estimators': 100, 'subsample': 1.0}",-97987311408.74763,-74576966468.4811,-48119650296.64554,-56625004961.43926,-45083310543.28166,-64478448735.71904,19648318956.22905,91
39,0.16116724014282227,0.0025703283463722054,0.006400489807128906,0.0004894736936134089,0.8,0.1,5,200,0.8,"{'colsample_bytree': 0.8, 'learning_rate': 0.1, 'max_depth': 5, 'n_estimators': 200, 'subsample': 0.8}",-87237893444.34714,-63462274188.63777,-52323621087.279816,-54899523948.61038,-51016383939.434875,-61787939321.662,13442868395.095505,27
40,0.16113042831420898,0.001169144775136297,0.006888532638549804,0.0003711170208157341,0.8,0.1,5,200,0.9,"{'colsample_bytree': 0.8, 'learning_rate': 0.1, 'max_depth': 5, 'n_estimators': 200, 'subsample': 0.9}",-90361860924.17455,-66898851831.487465,-49395852628.63405,-53950525785.11497,-48131024001.478645,-61747623034.17794,15773918314.911303,26
41,0.1521420955657959,0.0021960075416336973,0.007470130920410156,0.0010024334491507648,0.8,0.1,5,200,1.0,"{'colsample_bytree': 0.8, 'learning_rate': 0.1, 'max_depth': 5, 'n_estimators': 200, 'subsample': 1.0}",-97910484237.50963,-73882903682.19081,-47240122534.613556,-57221152748.69801,-46532923999.97131,-64557517440.596664,19380317874.756508,92
42,0.233815336227417,0.0023857794899704763,0.006832647323608399,0.0007173332782198721,0.8,0.1,5,300,0.8,"{'colsample_bytree': 0.8, 'learning_rate': 0.1, 'max_depth': 5, 'n_estimators': 300, 'subsample': 0.8}",-86859333679.65883,-63175761107.92152,-53349358705.21756,-54763202588.371025,-51775484367.264084,-61984628089.68661,13046940294.286652,31
43,0.23168697357177734,0.0010563004162704585,0.007020235061645508,0.00063372277241735,0.8,0.1,5,300,0.9,"{'colsample_bytree': 0.8, 'learning_rate': 0.1, 'max_depth': 5, 'n_estimators': 300, 'subsample': 0.9}",-90822968416.79146,-67706511900.408264,-50257361502.70577,-53965097937.38135,-48340628547.31737,-62218513660.92084,15824769722.43947,35
44,0.22152771949768066,0.004205918840715971,0.00702214241027832,0.0006526332761664312,0.8,0.1,5,300,1.0,"{'colsample_bytree': 0.8, 'learning_rate': 0.1, 'max_depth': 5, 'n_estimators': 300, 'subsample': 1.0}",-98611144998.94493,-73913095598.76855,-47650694700.91357,-58256951553.63781,-48968459979.290695,-65480069366.31112,19034060945.878246,106
45,0.1260211944580078,0.0034211832928115306,0.0064316272735595705,0.0007860723740517824,0.8,0.1,7,100,0.8,"{'colsample_bytree': 0.8, 'learning_rate': 0.1, 'max_depth': 7, 'n_estimators': 100, 'subsample': 0.8}",-89745905781.09477,-64448250442.43206,-51085408514.35543,-50009671876.62068,-48665164376.40052,-60790880198.18069,15551421036.546616,16
46,0.12703847885131836,0.0022596172826018376,0.006084537506103516,0.00011047171622663392,0.8,0.1,7,100,0.9,"{'colsample_bytree': 0.8, 'learning_rate': 0.1, 'max_depth': 7, 'n_estimators': 100, 'subsample': 0.9}",-93769716312.0241,-67583494382.06651,-48375815329.839226,-56689630350.45607,-45729185819.202835,-62429568438.71775,17424841271.534256,39
47,0.12684345245361328,0.003238452203135176,0.0062939167022705075,0.0003759412279125441,0.8,0.1,7,100,1.0,"{'colsample_bytree': 0.8, 'learning_rate': 0.1, 'max_depth': 7, 'n_estimators': 100, 'subsample': 1.0}",-99143599180.50362,-75927548656.78566,-47943668925.22611,-57399285484.48339,-45676401219.71767,-65218100693.343285,20035217022.94803,101
48,0.24518308639526368,0.004004754501879558,0.007285976409912109,0.000763545087996825,0.8,0.1,7,200,0.8,"{'colsample_bytree': 0.8, 'learning_rate': 0.1, 'max_depth': 7, 'n_estimators': 200, 'subsample': 0.8}",-91025581961.71822,-66541196563.10897,-52090110767.750984,-50497653843.60226,-50528463435.254616,-62136601314.28701,15653239905.522581,33
49,0.2471031665802002,0.0034701171513077155,0.007491111755371094,0.00048628380819910384,0.8,0.1,7,200,0.9,"{'colsample_bytree': 0.8, 'learning_rate': 0.1, 'max_depth': 7, 'n_estimators': 200, 'subsample': 0.9}",-93770586419.95146,-68482504879.333984,-49386735368.84145,-57833787339.53541,-47509922259.56265,-63396707253.44499,16900018939.225084,62
50,0.2380222797393799,0.003098194257957467,0.007031297683715821,0.0006366988684494898,0.8,0.1,7,200,1.0,"{'colsample_bytree': 0.8, 'learning_rate': 0.1, 'max_depth': 7, 'n_estimators': 200, 'subsample': 1.0}",-100761037302.52176,-76343997517.15346,-48858683806.9429,-58614766689.56914,-47123755893.38182,-66340448241.91382,20096902534.508007,120
51,0.3661051750183105,0.004541274846232787,0.007400798797607422,0.0005430256101821986,0.8,0.1,7,300,0.8,"{'colsample_bytree': 0.8, 'learning_rate': 0.1, 'max_depth': 7, 'n_estimators': 300, 'subsample': 0.8}",-90759636196.63531,-67290587558.40597,-52076646800.239136,-51162990642.55597,-51042337155.421234,-62466439670.65153,15427269665.110443,41
52,0.36762728691101076,0.002058172224295045,0.008264303207397461,0.0006923926922934544,0.8,0.1,7,300,0.9,"{'colsample_bytree': 0.8, 'learning_rate': 0.1, 'max_depth': 7, 'n_estimators': 300, 'subsample': 0.9}",-93512737724.11673,-69578526521.31314,-50039324643.58009,-58381285390.367874,-47968412186.34943,-63896057293.14545,16646620340.408972,73
53,0.3476892948150635,0.0035239170376447225,0.00800180435180664,0.0010874930068886604,0.8,0.1,7,300,1.0,"{'colsample_bytree': 0.8, 'learning_rate': 0.1, 'max_depth': 7, 'n_estimators': 300, 'subsample': 1.0}",-101214311056.58456,-76917382979.67953,-49466515055.715645,-59035767722.41598,-47794558326.68834,-66885707028.21681,20043000432.84488,130
54,0.06425552368164063,0.004026937544874491,0.006046152114868164,0.000607422127906432,0.8,0.2,3,100,0.8,"{'colsample_bytree': 0.8, 'learning_rate': 0.2, 'max_depth': 3, 'n_estimators': 100, 'subsample': 0.8}",-86801049083.33382,-61354354876.057556,-57273937892.33813,-49741812106.735306,-50607860485.85857,-61155802888.86467,13522760262.827103,19
55,0.062411260604858396,0.0010009457602355564,0.005596351623535156,0.00048629489892840314,0.8,0.2,3,100,0.9,"{'colsample_bytree': 0.8, 'learning_rate': 0.2, 'max_depth': 3, 'n_estimators': 100, 'subsample': 0.9}",-88949592312.37975,-67041668104.85081,-60840872312.93369,-55931490500.14368,-45204234680.786224,-63593571582.21883,14555203250.711031,65
56,0.05948553085327148,0.0015387118067615253,0.0058406352996826175,0.0004266785839659809,0.8,0.2,3,100,1.0,"{'colsample_bytree': 0.8, 'learning_rate': 0.2, 'max_depth': 3, 'n_estimators': 100, 'subsample': 1.0}",-92690803092.36502,-58222911074.75254,-51929418069.781265,-57999990945.772194,-47787206635.871544,-61726065963.70851,15970202152.639904,25
57,0.1106299877166748,0.0019339800773026726,0.006262874603271485,0.00037746058983163105,0.8,0.2,3,200,0.8,"{'colsample_bytree': 0.8, 'learning_rate': 0.2, 'max_depth': 3, 'n_estimators': 200, 'subsample': 0.8}",-89324364922.11311,-60161843376.447365,-55568487539.587395,-51471412953.11044,-55827332539.04069,-62470688266.0598,13705541377.606672,42
58,0.10988807678222656,0.0009464463749228484,0.005419588088989258,0.00047344869687090767,0.8,0.2,3,200,0.9,"{'colsample_bytree': 0.8, 'learning_rate': 0.2, 'max_depth': 3, 'n_estimators': 200, 'subsample': 0.9}",-89850258754.48746,-66022378771.88231,-59787591214.44583,-54421941062.10739,-50230251934.02725,-64062484347.39004,13938406901.057886,83
59,0.10186882019042968,0.001074087647764274,0.006399965286254883,0.0004910714737315,0.8,0.2,3,200,1.0,"{'colsample_bytree': 0.8, 'learning_rate': 0.2, 'max_depth': 3, 'n_estimators': 200, 'subsample': 1.0}",-89165418774.72026,-57448089554.7956,-52851446635.50394,-55504776925.393234,-54250628049.069244,-61844071987.89646,13744053370.589775,28
60,0.15833573341369628,0.0025219911500306597,0.006848192214965821,0.00036054428497474684,0.8,0.2,3,300,0.8,"{'colsample_bytree': 0.8, 'learning_rate': 0.2, 'max_depth': 3, 'n_estimators': 300, 'subsample': 0.8}",-90138669298.68034,-61841729380.853004,-56598555393.0663,-49903135524.425735,-57695608143.01003,-63235539548.00708,13987240563.146389,60
61,0.158577823638916,0.0031056018922426877,0.006434297561645508,0.0004683448010234398,0.8,0.2,3,300,0.9,"{'colsample_bytree': 0.8, 'learning_rate': 0.2, 'max_depth': 3, 'n_estimators': 300, 'subsample': 0.9}",-88288898548.76663,-66338612846.031845,-59469592432.17536,-54048342389.766884,-51348643363.44531,-63898817916.03721,13228646343.088453,74
62,0.14444456100463868,0.0015452258477331754,0.00618290901184082,0.0004118349811419543,0.8,0.2,3,300,1.0,"{'colsample_bytree': 0.8, 'learning_rate': 0.2, 'max_depth': 3, 'n_estimators': 300, 'subsample': 1.0}",-89980953397.05696,-56704121235.59898,-52794439446.36699,-54609341925.59465,-56936606271.94877,-62205092455.31328,13969766628.287106,34
63,0.08911657333374023,0.002894643101047574,0.005739545822143555,0.0003854271121709462,0.8,0.2,5,100,0.8,"{'colsample_bytree': 0.8, 'learning_rate': 0.2, 'max_depth': 5, 'n_estimators': 100, 'subsample': 0.8}",-90386830432.45238,-65602892418.8828,-52673315953.13712,-56019866137.221245,-45552094674.508446,-62046999923.240395,15569615003.217115,32
64,0.08830780982971191,0.0011653223736076983,0.0058250904083251955,0.0004157872755172616,0.8,0.2,5,100,0.9,"{'colsample_bytree': 0.8, 'learning_rate': 0.2, 'max_depth': 5, 'n_estimators': 100, 'subsample': 0.9}",-101815456953.35956,-72513597806.25346,-59765312034.9242,-51815666220.846016,-46906941191.139984,-66563394841.30464,19637710650.08564,123
65,0.08345355987548828,0.0011973404172193642,0.005825328826904297,0.00041653409540635917,0.8,0.2,5,100,1.0,"{'colsample_bytree': 0.8, 'learning_rate': 0.2, 'max_depth': 5, 'n_estimators': 100, 'subsample': 1.0}",-103342421873.14267,-65999999781.64809,-48718810120.54082,-56780633721.68901,-52190464196.17151,-65406465938.63843,19834488021.033382,103
66,0.16065187454223634,0.0024288436231243026,0.006229972839355469,0.00039570459064085884,0.8,0.2,5,200,0.8,"{'colsample_bytree': 0.8, 'learning_rate': 0.2, 'max_depth': 5, 'n_estimators': 200, 'subsample': 0.8}",-91297715157.7641,-67382913950.20357,-54700060257.26717,-58462474552.93015,-47440245653.342384,-63856681914.301476,15151799830.894794,71
67,0.1593637466430664,0.002048133062917339,0.00699310302734375,0.0010735106373709695,0.8,0.2,5,200,0.9,"{'colsample_bytree': 0.8, 'learning_rate': 0.2, 'max_depth': 5, 'n_estimators': 200, 'subsample': 0.9}",-101515627147.94922,-74025675550.31433,-61271679276.17896,-53253299418.62438,-48892972149.31572,-67791850708.476524,18906101604.542206,142
68,0.15142388343811036,0.0017610047737715445,0.00626220703125,0.0003775525616341692,0.8,0.2,5,200,1.0,"{'colsample_bytree': 0.8, 'learning_rate': 0.2, 'max_depth': 5, 'n_estimators': 200, 'subsample': 1.0}",-104382201207.91681,-66465769987.47705,-49673570868.12522,-58104475695.65343,-55205853816.35176,-66766374315.10484,19574875975.926937,128
69,0.2346182346343994,0.002066236309067693,0.006767749786376953,0.0007875521813739567,0.8,0.2,5,300,0.8,"{'colsample_bytree': 0.8, 'learning_rate': 0.2, 'max_depth': 5, 'n_estimators': 300, 'subsample': 0.8}",-91315860803.42816,-68619328346.40887,-54784165686.72295,-59208420670.16902,-48322860100.05003,-64450127121.35581,14967597827.866302,89
70,0.2340850830078125,0.001520539515890089,0.006447935104370117,0.000514910648542882,0.8,0.2,5,300,0.9,"{'colsample_bytree': 0.8, 'learning_rate': 0.2, 'max_depth': 5, 'n_estimators': 300, 'subsample': 0.9}",-99902837207.45001,-75348674087.97488,-62146397664.98155,-53648301198.230644,-50040481836.173515,-68217338398.96212,18079480436.716473,151
71,0.23114285469055176,0.013451866768799755,0.007204389572143555,0.0007509285494480181,0.8,0.2,5,300,1.0,"{'colsample_bytree': 0.8, 'learning_rate': 0.2, 'max_depth': 5, 'n_estimators': 300, 'subsample': 1.0}",-104908138432.7291,-67020244944.81483,-50642967115.494064,-59257734627.23626,-56052651694.88519,-67576347363.03188,19404670163.02508,140
72,0.13111329078674316,0.002335194158383663,0.005897235870361328,0.00037232117080100024,0.8,0.2,7,100,0.8,"{'colsample_bytree': 0.8, 'learning_rate': 0.2, 'max_depth': 7, 'n_estimators': 100, 'subsample': 0.8}",-95557693083.60774,-77700704879.4753,-51925978760.62282,-49993067813.43565,-54048861273.10078,-65845261162.04846,17930831900.961967,112
73,0.13107404708862305,0.0038129651386946645,0.006636714935302735,0.0005240361531561019,0.8,0.2,7,100,0.9,"{'colsample_bytree': 0.8, 'learning_rate': 0.2, 'max_depth': 7, 'n_estimators': 100, 'subsample': 0.9}",-99996319875.51901,-69094131838.89328,-61105389964.29643,-59776045851.24701,-51424197820.77189,-68279217070.14553,16819620010.370203,152
74,0.12601981163024903,0.0024971591874971685,0.006260824203491211,0.00045629497695187285,0.8,0.2,7,100,1.0,"{'colsample_bytree': 0.8, 'learning_rate': 0.2, 'max_depth': 7, 'n_estimators': 100, 'subsample': 1.0}",-107929374523.06857,-79355402342.27509,-49276397960.038864,-59280183158.31645,-52780289415.19331,-69724329479.77846,21756293897.504143,170
75,0.252482271194458,0.003053076420463545,0.007644128799438476,0.000770818591956469,0.8,0.2,7,200,0.8,"{'colsample_bytree': 0.8, 'learning_rate': 0.2, 'max_depth': 7, 'n_estimators': 200, 'subsample': 0.8}",-94975683717.5871,-80099002055.08221,-53850950489.936646,-51171614739.12362,-55399572331.81127,-67099364666.70817,17390678955.637527,134
76,0.25395874977111815,0.005449871020108335,0.006977272033691406,0.0006365760953220912,0.8,0.2,7,200,0.9,"{'colsample_bytree': 0.8, 'learning_rate': 0.2, 'max_depth': 7, 'n_estimators': 200, 'subsample': 0.9}",-99655378887.63585,-71368826917.6423,-62665597310.53753,-61597484569.80728,-52535797740.77533,-69564617085.27965,16184940417.588675,169
77,0.24139690399169922,0.0031462321784375686,0.006864500045776367,0.00036811419099298906,0.8,0.2,7,200,1.0,"{'colsample_bytree': 0.8, 'learning_rate': 0.2, 'max_depth': 7, 'n_estimators': 200, 'subsample': 1.0}",-109087186283.9234,-80518581630.74132,-49989441976.475075,-60979041358.247765,-53781252163.03209,-70871100682.48393,21815143903.94797,181
78,0.3805142879486084,0.012213813689940614,0.007946538925170898,0.001078166273496345,0.8,0.2,7,300,0.8,"{'colsample_bytree': 0.8, 'learning_rate': 0.2, 'max_depth': 7, 'n_estimators': 300, 'subsample': 0.8}",-94849131924.11397,-81094023178.66087,-53523640097.36358,-51626695148.714096,-55698521551.29323,-67358402380.02915,17431279760.0166,138
79,0.37609004974365234,0.006551315411340961,0.008316659927368164,0.0010117444997094981,0.8,0.2,7,300,0.9,"{'colsample_bytree': 0.8, 'learning_rate': 0.2, 'max_depth': 7, 'n_estimators': 300, 'subsample': 0.9}",-99432298073.04958,-72634623216.70102,-63326424223.88577,-61842319761.48669,-53022567988.40414,-70051646652.70543,15953091428.891571,175
80,0.35709223747253416,0.0038926067270943815,0.00871577262878418,0.0009377464035271179,0.8,0.2,7,300,1.0,"{'colsample_bytree': 0.8, 'learning_rate': 0.2, 'max_depth': 7, 'n_estimators': 300, 'subsample': 1.0}",-109387582149.9563,-80946443198.07478,-50372600808.396996,-61454217110.5655,-54415261289.36824,-71315220911.27237,21742614842.651962,183
81,0.06705894470214843,0.0040104399228603595,0.005260896682739258,0.00044521747950299577,0.9,0.01,3,100,0.8,"{'colsample_bytree': 0.9, 'learning_rate': 0.01, 'max_depth': 3, 'n_estimators': 100, 'subsample': 0.8}",-159071540786.78104,-222848158948.48035,-140463508214.85062,-148060341708.5562,-97843725743.67693,-153657455080.46902,40341656188.75265,239
82,0.0652090072631836,0.0012162373072874691,0.005862045288085938,0.0007592982095209818,0.9,0.01,3,100,0.9,"{'colsample_bytree': 0.9, 'learning_rate': 0.01, 'max_depth': 3, 'n_estimators': 100, 'subsample': 0.9}",-158422437974.71896,-223388060372.33984,-140441547275.10266,-148782467447.06784,-97470731630.32112,-153701048939.9101,40596616829.08917,240
83,0.06024999618530273,0.0009862905520575983,0.006060552597045898,0.0005883830360521416,0.9,0.01,3,100,1.0,"{'colsample_bytree': 0.9, 'learning_rate': 0.01, 'max_depth': 3, 'n_estimators': 100, 'subsample': 1.0}",-157481837812.77536,-221900011328.0395,-141684166713.54218,-149896646781.42477,-97108604176.64227,-153614253362.4848,40067290665.74572,238
84,0.11626029014587402,0.0033859536466909115,0.006460332870483398,0.0009819979457885452,0.9,0.01,3,200,0.8,"{'colsample_bytree': 0.9, 'learning_rate': 0.01, 'max_depth': 3, 'n_estimators': 200, 'subsample': 0.8}",-92393122095.92645,-112786634468.84505,-79755662535.26398,-77103682645.00986,-51996318833.836525,-82807084115.77637,19908836142.711147,211
85,0.11335515975952148,0.0014062363797941134,0.006172561645507812,5.9858088487877075e-05,0.9,0.01,3,200,0.9,"{'colsample_bytree': 0.9, 'learning_rate': 0.01, 'max_depth': 3, 'n_estimators': 200, 'subsample': 0.9}",-93072237999.63829,-113803339076.70474,-79521491150.36287,-77246185294.60345,-51619922497.18936,-83052635203.69974,20397046334.388245,212
86,0.10495262145996094,0.0010734494560883255,0.006401252746582031,0.000488753467631025,0.9,0.01,3,200,1.0,"{'colsample_bytree': 0.9, 'learning_rate': 0.01, 'max_depth': 3, 'n_estimators': 200, 'subsample': 1.0}",-91498371634.62894,-113578841735.71857,-80583008020.3662,-76852667593.93396,-51065123676.508125,-82715602532.23116,20348716640.00965,209
87,0.16247429847717285,0.0016963763117386072,0.0060790061950683595,0.0006463111845068852,0.9,0.01,3,300,0.8,"{'colsample_bytree': 0.9, 'learning_rate': 0.01, 'max_depth': 3, 'n_estimators': 300, 'subsample': 0.8}",-81888054601.03757,-83708490587.7294,-65998716789.57461,-65335584197.01056,-42584571751.83636,-67903083585.437706,14809699607.258959,145
88,0.1757798194885254,0.01466106635645878,0.006599950790405274,0.0004894343884180951,0.9,0.01,3,300,0.9,"{'colsample_bytree': 0.9, 'learning_rate': 0.01, 'max_depth': 3, 'n_estimators': 300, 'subsample': 0.9}",-82622693621.7476,-84976836654.69882,-66178458658.5402,-65308967409.62237,-42864762763.77543,-68390343821.67688,15123585092.448343,157
89,0.15235133171081544,0.002063054491160716,0.006753778457641602,0.0008045168016753071,0.9,0.01,3,300,1.0,"{'colsample_bytree': 0.9, 'learning_rate': 0.01, 'max_depth': 3, 'n_estimators': 300, 'subsample': 1.0}",-81210021879.99379,-85301800174.16269,-67094253629.17284,-64990225230.30266,-42978342771.49549,-68314928737.0255,14895123483.226942,155
90,0.0930943489074707,0.0016246921510717233,0.005999612808227539,0.0006319578535795622,0.9,0.01,5,100,0.8,"{'colsample_bytree': 0.9, 'learning_rate': 0.01, 'max_depth': 5, 'n_estimators': 100, 'subsample': 0.8}",-149871184469.09564,-213388337092.12695,-125496298049.19897,-133727553880.06009,-86214889244.04987,-141739652546.9063,41498663686.16181,227
91,0.09354796409606933,0.0014221178935315635,0.006360626220703125,0.0007279889713342134,0.9,0.01,5,100,0.9,"{'colsample_bytree': 0.9, 'learning_rate': 0.01, 'max_depth': 5, 'n_estimators': 100, 'subsample': 0.9}",-151682943043.55893,-211139889333.66693,-126133110336.85011,-132388698649.45772,-86587528282.73264,-141586433929.25327,40713402760.350586,225
92,0.08744397163391113,0.0017413170825088468,0.006027317047119141,6.23736176498077e-05,0.9,0.01,5,100,1.0,"{'colsample_bytree': 0.9, 'learning_rate': 0.01, 'max_depth': 5, 'n_estimators': 100, 'subsample': 1.0}",-156802829202.24002,-218198501371.29117,-127333833134.81633,-131070958451.05887,-87430446155.89442,-144167313663.06015,43160689817.22036,232
93,0.17149066925048828,0.002087634880410688,0.006443929672241211,0.0004919548488495734,0.9,0.01,5,200,0.8,"{'colsample_bytree': 0.9, 'learning_rate': 0.01, 'max_depth': 5, 'n_estimators': 200, 'subsample': 0.8}",-87266890835.84569,-110500200406.06737,-65808205144.93499,-64756951275.94465,-45096327095.58214,-74685714951.67497,22333319310.78264,196
94,0.1736391544342041,0.00424461824891345,0.006599569320678711,0.0004893192605243724,0.9,0.01,5,200,0.9,"{'colsample_bytree': 0.9, 'learning_rate': 0.01, 'max_depth': 5, 'n_estimators': 200, 'subsample': 0.9}",-91444784472.71838,-109282371064.07059,-65564658200.15749,-64744484115.40738,-45720788809.624115,-75351417332.3956,22345325776.505756,199
95,0.1631542682647705,0.002260373093423768,0.0068225860595703125,0.0004127359597119411,0.9,0.01,5,200,1.0,"{'colsample_bytree': 0.9, 'learning_rate': 0.01, 'max_depth': 5, 'n_estimators': 200, 'subsample': 1.0}",-97686759418.15108,-115180219078.22113,-64716278679.38486,-65973892543.56776,-46312472781.00193,-77973924500.06535,24880183606.10049,204
96,0.24797258377075196,0.0016265448603731548,0.007261800765991211,0.0004497678222770769,0.9,0.01,5,300,0.8,"{'colsample_bytree': 0.9, 'learning_rate': 0.01, 'max_depth': 5, 'n_estimators': 300, 'subsample': 0.8}",-81096071964.04445,-84680872216.05505,-53840894938.42479,-53914074576.08438,-39076050103.65545,-62521592759.65282,17522455867.368786,45
97,0.24943981170654297,0.0026651353789292074,0.007763004302978516,0.0009926942115467817,0.9,0.01,5,300,0.9,"{'colsample_bytree': 0.9, 'learning_rate': 0.01, 'max_depth': 5, 'n_estimators': 300, 'subsample': 0.9}",-85615452206.71239,-83481863898.87157,-54080615591.85062,-53987219651.96262,-40464235567.07653,-63525877383.294754,17878640879.96183,64
98,0.23640012741088867,0.002317676153224782,0.007426595687866211,0.000520037795870173,0.9,0.01,5,300,1.0,"{'colsample_bytree': 0.9, 'learning_rate': 0.01, 'max_depth': 5, 'n_estimators': 300, 'subsample': 1.0}",-93137672513.08768,-88891790199.53137,-51102155272.382256,-56711177521.85457,-42322308492.67372,-66433020799.90592,20632066637.038654,121
99,0.14201231002807618,0.003094968889650683,0.0064280033111572266,0.0004664522375435412,0.9,0.01,7,100,0.8,"{'colsample_bytree': 0.9, 'learning_rate': 0.01, 'max_depth': 7, 'n_estimators': 100, 'subsample': 0.8}",-148123113146.2296,-212075527110.59525,-121987691158.33275,-130833953306.13956,-83916784097.61755,-139387413763.78293,41982798986.55511,220
100,0.14476318359375,0.002502249461937807,0.006312322616577148,0.0003452413778413283,0.9,0.01,7,100,0.9,"{'colsample_bytree': 0.9, 'learning_rate': 0.01, 'max_depth': 7, 'n_estimators': 100, 'subsample': 0.9}",-149902365269.36472,-210927075152.55005,-122212056475.26035,-129470310423.60577,-84666000420.02965,-139435561548.16214,41512048084.19972,221
101,0.13971967697143556,0.0027224028523693297,0.006575155258178711,0.0005270152904459257,0.9,0.01,7,100,1.0,"{'colsample_bytree': 0.9, 'learning_rate': 0.01, 'max_depth': 7, 'n_estimators': 100, 'subsample': 1.0}",-153949964856.30072,-220473292589.6301,-123188229029.92223,-126529301044.52875,-84035539419.29846,-141635265387.93607,45284209382.19306,226
102,0.27293100357055666,0.007355216685685315,0.0070339679718017575,0.0006354692826150462,0.9,0.01,7,200,0.8,"{'colsample_bytree': 0.9, 'learning_rate': 0.01, 'max_depth': 7, 'n_estimators': 200, 'subsample': 0.8}",-86648248582.84195,-111761962444.9673,-62714912226.34628,-61338317442.13311,-44454325672.55245,-73383553273.76822,23429307500.63231,192
103,0.2730647087097168,0.004690081977361889,0.007038927078247071,7.673028505666716e-05,0.9,0.01,7,200,0.9,"{'colsample_bytree': 0.9, 'learning_rate': 0.01, 'max_depth': 7, 'n_estimators': 200, 'subsample': 0.9}",-90087885178.32434,-111673149528.4024,-60956162458.41148,-61240297129.48569,-44998532640.38695,-73791205387.00217,23882650996.54599,194
104,0.2641721725463867,0.0010468549216464747,0.0071075439453125,0.0006827846969718576,0.9,0.01,7,200,1.0,"{'colsample_bytree': 0.9, 'learning_rate': 0.01, 'max_depth': 7, 'n_estimators': 200, 'subsample': 1.0}",-96690385850.72275,-123984132861.14629,-61438221031.64303,-62822085009.722534,-45411902055.839455,-78069345361.8148,28391874570.06468,205
105,0.3963149070739746,0.004302301631036564,0.008093595504760742,0.0006433718355135088,0.9,0.01,7,300,0.8,"{'colsample_bytree': 0.9, 'learning_rate': 0.01, 'max_depth': 7, 'n_estimators': 300, 'subsample': 0.8}",-80605363320.21593,-86135047164.31242,-51117427085.8477,-50518385949.263504,-39002937977.33447,-61475832299.3948,18473813916.59702,21
106,0.39882960319519045,0.005345836087646343,0.008603763580322266,0.0008001744579998733,0.9,0.01,7,300,0.9,"{'colsample_bytree': 0.9, 'learning_rate': 0.01, 'max_depth': 7, 'n_estimators': 300, 'subsample': 0.9}",-85300762936.52373,-86464922230.23645,-49042824678.89748,-51144717582.7823,-40613026409.13974,-62513250767.515945,19407570839.439514,44
107,0.3905207633972168,0.0020432657532536065,0.007800149917602539,0.00039997117884336226,0.9,0.01,7,300,1.0,"{'colsample_bytree': 0.9, 'learning_rate': 0.01, 'max_depth': 7, 'n_estimators': 300, 'subsample': 1.0}",-91991786983.89484,-97449415320.89825,-46482517703.6412,-52513883265.733665,-43169526155.20082,-66321425885.87376,23444232285.911873,119
108,0.06440773010253906,0.0015589823582148295,0.005975151062011718,5.2748320436004e-05,0.9,0.1,3,100,0.8,"{'colsample_bytree': 0.9, 'learning_rate': 0.1, 'max_depth': 3, 'n_estimators': 100, 'subsample': 0.8}",-89080669872.85178,-65311420252.63954,-59597091030.538376,-58566191843.510864,-43135090045.51028,-63138092609.01017,14908398629.50177,59
109,0.06319956779479981,0.0011622555448682435,0.006018590927124023,6.943760918665385e-05,0.9,0.1,3,100,0.9,"{'colsample_bytree': 0.9, 'learning_rate': 0.1, 'max_depth': 3, 'n_estimators': 100, 'subsample': 0.9}",-86425241441.28296,-68349875300.37119,-63956311772.777306,-60373086738.167274,-44598324818.47825,-64740568014.21541,13480742355.149084,96
110,0.05960803031921387,0.0013587784474959864,0.0053841590881347655,0.0004706660149466348,0.9,0.1,3,100,1.0,"{'colsample_bytree': 0.9, 'learning_rate': 0.1, 'max_depth': 3, 'n_estimators': 100, 'subsample': 1.0}",-83915464730.9855,-64750986246.99251,-58104375648.84558,-60116527692.50237,-42361586795.159294,-61849788222.89706,13357644493.238985,29
111,0.11138215065002441,0.002592523520845074,0.005697870254516601,0.00042204001617041043,0.9,0.1,3,200,0.8,"{'colsample_bytree': 0.9, 'learning_rate': 0.1, 'max_depth': 3, 'n_estimators': 200, 'subsample': 0.8}",-90826936194.22623,-62689191882.736534,-55564810871.65978,-56577271186.793526,-46265330927.6247,-62384708212.608154,15159978175.9027,38
112,0.11068906784057617,0.0013203672451663996,0.006400632858276367,0.0004915013065776017,0.9,0.1,3,200,0.9,"{'colsample_bytree': 0.9, 'learning_rate': 0.1, 'max_depth': 3, 'n_estimators': 200, 'subsample': 0.9}",-85624690690.02295,-65140875210.94544,-64601387550.05728,-56014159759.695946,-48142013822.4084,-63904625406.626,12525928301.395617,75
113,0.10381517410278321,0.0011713613600471072,0.0061981201171875,0.0007317195911693261,0.9,0.1,3,200,1.0,"{'colsample_bytree': 0.9, 'learning_rate': 0.1, 'max_depth': 3, 'n_estimators': 200, 'subsample': 1.0}",-79850593033.88966,-60057147377.39553,-57252795454.0442,-56207776218.2566,-45269123518.91845,-59727487120.50088,11248153708.066133,5
114,0.15864200592041017,0.0004405946287662111,0.006181859970092773,0.0003482128805663629,0.9,0.1,3,300,0.8,"{'colsample_bytree': 0.9, 'learning_rate': 0.1, 'max_depth': 3, 'n_estimators': 300, 'subsample': 0.8}",-91431965103.99574,-63537781118.417534,-55514255543.416435,-53789593858.494095,-50133428226.836105,-62881404770.23198,14933265849.225872,51
115,0.1592261791229248,0.0014856076281078924,0.006200265884399414,0.0004002095547106269,0.9,0.1,3,300,0.9,"{'colsample_bytree': 0.9, 'learning_rate': 0.1, 'max_depth': 3, 'n_estimators': 300, 'subsample': 0.9}",-84651228418.11403,-64113718270.32966,-64470484880.85831,-55338135698.31228,-50128997951.51411,-63740513043.82568,11779672717.46607,66
116,0.14797749519348144,0.0013458647368719502,0.006456613540649414,0.00044659899764237906,0.9,0.1,3,300,1.0,"{'colsample_bytree': 0.9, 'learning_rate': 0.1, 'max_depth': 3, 'n_estimators': 300, 'subsample': 1.0}",-78475761417.8403,-58174882371.429085,-58453502195.42547,-54917467627.47014,-48281016366.149445,-59660525995.66289,10096206906.722923,3
117,0.0897378921508789,0.0016374197470907126,0.005771064758300781,0.0003884206318884025,0.9,0.1,5,100,0.8,"{'colsample_bytree': 0.9, 'learning_rate': 0.1, 'max_depth': 5, 'n_estimators': 100, 'subsample': 0.8}",-82307469295.05339,-64547525965.22359,-53000394199.67622,-50850401978.62908,-46135130579.9785,-59368184403.71216,12971132975.66884,2
118,0.0901646614074707,0.0021571921837631415,0.005998992919921875,1.8869742333802584e-06,0.9,0.1,5,100,0.9,"{'colsample_bytree': 0.9, 'learning_rate': 0.1, 'max_depth': 5, 'n_estimators': 100, 'subsample': 0.9}",-98133876418.98935,-69809602397.01372,-53867103498.01274,-56943738622.451805,-47623556662.087845,-65275575519.71108,17952113231.672226,102
119,0.08796415328979493,0.0032533294234195495,0.0060333251953125,6.609186633841979e-05,0.9,0.1,5,100,1.0,"{'colsample_bytree': 0.9, 'learning_rate': 0.1, 'max_depth': 5, 'n_estimators': 100, 'subsample': 1.0}",-97819858334.32886,-70948921646.32816,-47368808229.459045,-54493785475.519684,-48085228694.73516,-63743320476.07418,19036730327.99329,67
120,0.16349449157714843,0.00297164797094245,0.006857872009277344,0.0004327038292192829,0.9,0.1,5,200,0.8,"{'colsample_bytree': 0.9, 'learning_rate': 0.1, 'max_depth': 5, 'n_estimators': 200, 'subsample': 0.8}",-83409977557.41759,-65328418042.66579,-53008764665.80078,-50816743319.12307,-47380387734.254944,-59988858263.85244,13182432672.974657,7
121,0.16516919136047364,0.002375780325406472,0.006801700592041016,0.0007523101205803383,0.9,0.1,5,200,0.9,"{'colsample_bytree': 0.9, 'learning_rate': 0.1, 'max_depth': 5, 'n_estimators': 200, 'subsample': 0.9}",-98420589067.25673,-69717559095.48433,-54159739684.591034,-56893618552.804375,-48942863464.306046,-65626873972.888504,17766724966.248493,109
122,0.1576213836669922,0.0029193586784869024,0.006978607177734375,0.0005942716037445251,0.9,0.1,5,200,1.0,"{'colsample_bytree': 0.9, 'learning_rate': 0.1, 'max_depth': 5, 'n_estimators': 200, 'subsample': 1.0}",-98455384909.38536,-73391201640.74133,-47678106321.75359,-53200735755.88954,-49439827919.43846,-64433051309.441666,19336274112.670124,88
123,0.2360074996948242,0.002013762004154157,0.007199239730834961,0.0003991448994436253,0.9,0.1,5,300,0.8,"{'colsample_bytree': 0.9, 'learning_rate': 0.1, 'max_depth': 5, 'n_estimators': 300, 'subsample': 0.8}",-83750446730.6302,-65622768604.50628,-53778504676.01298,-50533970901.84588,-48107139483.30032,-60358566079.25913,13151496042.211433,12
124,0.23718161582946778,0.0009972865278302895,0.007132530212402344,0.0006634405904094769,0.9,0.1,5,300,0.9,"{'colsample_bytree': 0.9, 'learning_rate': 0.1, 'max_depth': 5, 'n_estimators': 300, 'subsample': 0.9}",-97983707808.61887,-70489873849.18536,-54897901077.462776,-57058134199.44805,-49769525806.84202,-66039828548.31142,17376711183.754265,115
125,0.22136425971984863,0.0027765159096676093,0.007639837265014648,0.0004975561525784613,0.9,0.1,5,300,1.0,"{'colsample_bytree': 0.9, 'learning_rate': 0.1, 'max_depth': 5, 'n_estimators': 300, 'subsample': 1.0}",-99636634265.6984,-74834961247.7951,-48475573953.261986,-54281538905.8992,-50785613479.4956,-65602864370.43005,19414409686.157738,108
126,0.12938952445983887,0.0031563956603559615,0.0062008857727050785,0.0003993073937689398,0.9,0.1,7,100,0.8,"{'colsample_bytree': 0.9, 'learning_rate': 0.1, 'max_depth': 7, 'n_estimators': 100, 'subsample': 0.8}",-93888389239.2921,-65666246965.1686,-55130575295.96067,-53042572012.856476,-47691172535.80267,-63083791209.8161,16471823053.100895,56
127,0.13363447189331054,0.003320933634743863,0.006262588500976563,0.0004492360382536972,0.9,0.1,7,100,0.9,"{'colsample_bytree': 0.9, 'learning_rate': 0.1, 'max_depth': 7, 'n_estimators': 100, 'subsample': 0.9}",-102390324839.43275,-70100426610.19556,-48670825560.78477,-57525680067.20392,-48708662336.90994,-65479183882.90537,20054015739.56219,104
128,0.12898073196411133,0.00476558354075476,0.006557035446166992,0.0004617131594031474,0.9,0.1,7,100,1.0,"{'colsample_bytree': 0.9, 'learning_rate': 0.1, 'max_depth': 7, 'n_estimators': 100, 'subsample': 1.0}",-107394159594.23524,-83126117103.40991,-43993278647.469376,-54688302827.684944,-47655916309.78943,-67371554896.51778,24273978682.620018,139
129,0.2519374847412109,0.0038741236237805634,0.006809043884277344,0.00033049704862852294,0.9,0.1,7,200,0.8,"{'colsample_bytree': 0.9, 'learning_rate': 0.1, 'max_depth': 7, 'n_estimators': 200, 'subsample': 0.8}",-94416591328.878,-66855988627.18225,-56064662267.39806,-54015218035.32147,-48935272593.22957,-64057546570.40187,16266041981.506575,82
130,0.2553374767303467,0.006424905488695051,0.007201576232910156,0.0007476586404301028,0.9,0.1,7,200,0.9,"{'colsample_bytree': 0.9, 'learning_rate': 0.1, 'max_depth': 7, 'n_estimators': 200, 'subsample': 0.9}",-102050091984.5075,-70493561964.45155,-49984422257.04842,-58294464128.59799,-49690637288.77345,-66102635524.67578,19501886506.271782,117
131,0.23916058540344237,0.002749640610345864,0.007400655746459961,0.0004887007609918052,0.9,0.1,7,200,1.0,"{'colsample_bytree': 0.9, 'learning_rate': 0.1, 'max_depth': 7, 'n_estimators': 200, 'subsample': 1.0}",-108235085891.42264,-84039079874.60011,-45159221184.63427,-55033184812.62492,-49099654767.12444,-68313245306.08128,24177204675.987392,154
132,0.3850064277648926,0.02089512140954185,0.008490991592407227,0.0014034322355296024,0.9,0.1,7,300,0.8,"{'colsample_bytree': 0.9, 'learning_rate': 0.1, 'max_depth': 7, 'n_estimators': 300, 'subsample': 0.8}",-94325803085.62308,-68014682128.58939,-56339434215.50234,-54340054318.20944,-49328014682.65837,-64469597686.11653,16136513671.258858,90
133,0.3878793716430664,0.016657193503534555,0.007601308822631836,0.0004906032761996324,0.9,0.1,7,300,0.9,"{'colsample_bytree': 0.9, 'learning_rate': 0.1, 'max_depth': 7, 'n_estimators': 300, 'subsample': 0.9}",-102990090827.92764,-71440746741.15895,-50726252077.56697,-58815422111.26707,-50360940422.90126,-66866690436.16438,19614272877.129124,129
134,0.35608510971069335,0.005608413668793472,0.007666921615600586,0.0007778928925496068,0.9,0.1,7,300,1.0,"{'colsample_bytree': 0.9, 'learning_rate': 0.1, 'max_depth': 7, 'n_estimators': 300, 'subsample': 1.0}",-108235914939.47537,-84372968473.70042,-45907861645.185875,-55684499483.27986,-50117382279.20735,-68863725364.16977,23844475195.514473,164
135,0.06450963020324707,0.0025978529195714514,0.005620002746582031,0.0005087035264558132,0.9,0.2,3,100,0.8,"{'colsample_bytree': 0.9, 'learning_rate': 0.2, 'max_depth': 3, 'n_estimators': 100, 'subsample': 0.8}",-95122145832.9409,-57458564089.70685,-58129596723.43013,-55620483879.608925,-53395199888.65266,-63945198082.8679,15674839962.231165,77
136,0.0629798412322998,0.0011309702748547566,0.005600357055664062,0.000488735886976761,0.9,0.2,3,100,0.9,"{'colsample_bytree': 0.9, 'learning_rate': 0.2, 'max_depth': 3, 'n_estimators': 100, 'subsample': 0.9}",-86701808541.01112,-60923382250.19222,-63227726954.83352,-57200891953.62352,-51846361867.67408,-63980034313.466896,11994756274.323235,79
137,0.0686225414276123,0.004144132375264508,0.006427621841430664,0.000978402859084477,0.9,0.2,3,100,1.0,"{'colsample_bytree': 0.9, 'learning_rate': 0.2, 'max_depth': 3, 'n_estimators': 100, 'subsample': 1.0}",-87865513548.00189,-61790129626.14884,-59862539867.15948,-55896659234.41066,-49118149014.924866,-62906598258.12915,13211516368.60466,52
138,0.11795120239257813,0.00583056902026512,0.006069993972778321,0.0006107068629558354,0.9,0.2,3,200,0.8,"{'colsample_bytree': 0.9, 'learning_rate': 0.2, 'max_depth': 3, 'n_estimators': 200, 'subsample': 0.8}",-99745415076.47438,-59595791242.100296,-57401099643.308846,-54237403203.79139,-57772049783.52767,-65750351789.840515,17084813389.986746,110
139,0.12606711387634278,0.025434615401839063,0.006486845016479492,0.0005018500620399747,0.9,0.2,3,200,0.9,"{'colsample_bytree': 0.9, 'learning_rate': 0.2, 'max_depth': 3, 'n_estimators': 200, 'subsample': 0.9}",-84986141975.04924,-59704222180.12006,-61841299526.28137,-56238038630.80267,-58191317361.776276,-64192203934.80593,10557802577.57899,85
140,0.10610647201538086,0.002925557741419197,0.006457853317260742,0.00046650208672732794,0.9,0.2,3,200,1.0,"{'colsample_bytree': 0.9, 'learning_rate': 0.2, 'max_depth': 3, 'n_estimators': 200, 'subsample': 1.0}",-87511949869.91885,-59996327120.21455,-59126799406.81951,-54455036520.391914,-54450415637.50307,-63108105710.96958,12417026853.838676,58
141,0.1594210147857666,0.0004432176222583574,0.006406068801879883,0.0004958419798117184,0.9,0.2,3,300,0.8,"{'colsample_bytree': 0.9, 'learning_rate': 0.2, 'max_depth': 3, 'n_estimators': 300, 'subsample': 0.8}",-98719811875.78816,-60379519792.09387,-57628079585.25303,-52940905654.23038,-61083559780.14531,-66150375337.50215,16533984421.437939,118
142,0.16076459884643554,0.002277041258937735,0.006579113006591797,0.0004741822577440237,0.9,0.2,3,300,0.9,"{'colsample_bytree': 0.9, 'learning_rate': 0.2, 'max_depth': 3, 'n_estimators': 300, 'subsample': 0.9}",-85138054803.20747,-61467202192.62821,-62027654514.04573,-55657449237.59904,-61643599821.18729,-65186792113.73354,10249204551.888294,100
143,0.1838994026184082,0.07474742950932908,0.006673192977905274,0.0003662242737964347,0.9,0.2,3,300,1.0,"{'colsample_bytree': 0.9, 'learning_rate': 0.2, 'max_depth': 3, 'n_estimators': 300, 'subsample': 1.0}",-86733656987.71666,-61151974114.71853,-59337877513.26719,-55416962554.932,-57177868978.508965,-63963668029.82866,11548759249.003666,78
144,0.08924574851989746,0.0047743358633476176,0.006083059310913086,0.0008736940017918674,0.9,0.2,5,100,0.8,"{'colsample_bytree': 0.9, 'learning_rate': 0.2, 'max_depth': 5, 'n_estimators': 100, 'subsample': 0.8}",-95003199749.7447,-61924126896.93654,-58394472199.64007,-57584791260.61337,-54657536883.9946,-65512825398.18587,14925970002.650034,107
145,0.08857932090759277,0.0010817101181868711,0.005878925323486328,0.00030719554365885,0.9,0.2,5,100,0.9,"{'colsample_bytree': 0.9, 'learning_rate': 0.2, 'max_depth': 5, 'n_estimators': 100, 'subsample': 0.9}",-106605785264.50356,-72553242107.1045,-59532343359.46775,-56229470191.07166,-48085426638.84811,-68601253512.19911,20572641802.970913,158
146,0.08513040542602539,0.001909007783719177,0.005784797668457031,0.0003939121546604581,0.9,0.2,5,100,1.0,"{'colsample_bytree': 0.9, 'learning_rate': 0.2, 'max_depth': 5, 'n_estimators': 100, 'subsample': 1.0}",-95330715796.53986,-84467791429.69612,-49163636792.87644,-57323299039.756485,-49865015630.65684,-67230091737.90515,19041378979.498623,136
147,0.16211905479431152,0.0005257158884845268,0.007068777084350586,0.0005317168923648964,0.9,0.2,5,200,0.8,"{'colsample_bytree': 0.9, 'learning_rate': 0.2, 'max_depth': 5, 'n_estimators': 200, 'subsample': 0.8}",-96542924971.69093,-64927150760.51169,-59780764066.366165,-58188952603.10655,-54267945384.521996,-66741547557.23946,15287931645.281843,126
148,0.1650099754333496,0.0026354207722128356,0.0064624309539794925,0.0005855264718364469,0.9,0.2,5,200,0.9,"{'colsample_bytree': 0.9, 'learning_rate': 0.2, 'max_depth': 5, 'n_estimators': 200, 'subsample': 0.9}",-107493587881.22978,-74378794719.46124,-61048674342.84765,-56885462194.945175,-49139850047.7757,-69789273837.25192,20552294941.024174,172
149,0.15343499183654785,0.0018737021890599893,0.006788396835327148,0.0007114564380053277,0.9,0.2,5,200,1.0,"{'colsample_bytree': 0.9, 'learning_rate': 0.2, 'max_depth': 5, 'n_estimators': 200, 'subsample': 1.0}",-95096145965.91296,-85947775202.26692,-49630960250.18277,-58437037677.80676,-51754727955.64677,-68173329410.36324,18702696484.709267,149
150,0.240891695022583,0.006545531941637707,0.007253170013427734,0.0007171239138365112,0.9,0.2,5,300,0.8,"{'colsample_bytree': 0.9, 'learning_rate': 0.2, 'max_depth': 5, 'n_estimators': 300, 'subsample': 0.8}",-97183101349.46869,-66492218503.85384,-60118128847.81887,-59150648502.97899,-54951676134.78454,-67579154667.78099,15256047495.430746,141
151,0.24082059860229493,0.003945179449267084,0.00740208625793457,0.0004893785724972634,0.9,0.2,5,300,0.9,"{'colsample_bytree': 0.9, 'learning_rate': 0.2, 'max_depth': 5, 'n_estimators': 300, 'subsample': 0.9}",-108303689329.93436,-76001990368.66962,-62044527607.61264,-57123572556.56098,-49672529628.44611,-70629261898.24474,20705142493.52274,178
152,0.22428712844848633,0.001918273469454529,0.007313585281372071,0.0005686460068386422,0.9,0.2,5,300,1.0,"{'colsample_bytree': 0.9, 'learning_rate': 0.2, 'max_depth': 5, 'n_estimators': 300, 'subsample': 1.0}",-95457416868.7342,-87072044341.1887,-50680875718.40607,-58614357116.49273,-52527769217.37604,-68870492652.43954,18661704706.56293,165
153,0.13277821540832518,0.0008321229410314792,0.006194639205932617,0.0004024665329914274,0.9,0.2,7,100,0.8,"{'colsample_bytree': 0.9, 'learning_rate': 0.2, 'max_depth': 7, 'n_estimators': 100, 'subsample': 0.8}",-98195426688.05237,-70927129371.45222,-67202285038.64002,-52853936193.08522,-53987451295.671364,-68633245717.38023,16399499978.546633,159
154,0.13508687019348145,0.004624893465195085,0.005969429016113281,5.813632580765656e-05,0.9,0.2,7,100,0.9,"{'colsample_bytree': 0.9, 'learning_rate': 0.2, 'max_depth': 7, 'n_estimators': 100, 'subsample': 0.9}",-88971437451.38994,-72619406715.61458,-57162457913.21954,-62355559089.282074,-53768406311.582085,-66975453496.217636,12710168528.224186,131
155,0.1284722328186035,0.0018017820157706101,0.0066146373748779295,0.000790029257617841,0.9,0.2,7,100,1.0,"{'colsample_bytree': 0.9, 'learning_rate': 0.2, 'max_depth': 7, 'n_estimators': 100, 'subsample': 1.0}",-114186566978.9273,-82542657594.83478,-46514906250.94531,-59220114891.05492,-50420488213.21019,-70576946785.79451,25136505151.39003,177
156,0.2605696678161621,0.005227080538544084,0.006799936294555664,0.0007472455299731578,0.9,0.2,7,200,0.8,"{'colsample_bytree': 0.9, 'learning_rate': 0.2, 'max_depth': 7, 'n_estimators': 200, 'subsample': 0.8}",-97167757915.12192,-72960869221.06406,-68796217147.69777,-54118938075.67365,-54289236435.07248,-69466603758.92598,15785541306.662838,167
157,0.25662918090820314,0.005412448677421009,0.007670259475708008,0.0007718798990875191,0.9,0.2,7,200,0.9,"{'colsample_bytree': 0.9, 'learning_rate': 0.2, 'max_depth': 7, 'n_estimators': 200, 'subsample': 0.9}",-89484307631.08531,-73700220865.44023,-58335577987.47851,-63211621505.08499,-54541569259.08286,-67854659449.634384,12581107680.794611,144
158,0.24405946731567382,0.005778126798225276,0.0072708606719970705,0.00037185553208907905,0.9,0.2,7,200,1.0,"{'colsample_bytree': 0.9, 'learning_rate': 0.2, 'max_depth': 7, 'n_estimators': 200, 'subsample': 1.0}",-115158520323.92274,-83800299373.34027,-47787437554.63629,-60012376952.281265,-51713813988.93536,-71694489638.62318,25071573099.13645,185
159,0.3786440849304199,0.00604971859574434,0.008057975769042968,0.0006055308604721116,0.9,0.2,7,300,0.8,"{'colsample_bytree': 0.9, 'learning_rate': 0.2, 'max_depth': 7, 'n_estimators': 300, 'subsample': 0.8}",-98446369093.24484,-73775264751.35344,-68346099324.24721,-54729064671.15744,-54689374292.211494,-69997234426.44289,16086022585.567156,173
160,0.3801421165466309,0.008252179335468658,0.008539628982543946,0.0010326167158221941,0.9,0.2,7,300,0.9,"{'colsample_bytree': 0.9, 'learning_rate': 0.2, 'max_depth': 7, 'n_estimators': 300, 'subsample': 0.9}",-90099289259.2977,-74360843292.62128,-58684409188.92101,-63705777833.44445,-54766372421.78949,-68323338399.21478,12717434093.49018,156
161,0.35948920249938965,0.0037135443072190658,0.00821981430053711,0.0003187430315980404,0.9,0.2,7,300,1.0,"{'colsample_bytree': 0.9, 'learning_rate': 0.2, 'max_depth': 7, 'n_estimators': 300, 'subsample': 1.0}",-115361939742.52365,-84728539459.52953,-48496812358.61195,-60528384928.91702,-52052305202.88791,-72233596338.49402,24995635651.54681,187
162,0.06559433937072753,0.001293977741448565,0.005757951736450195,0.0006880704115535342,1.0,0.01,3,100,0.8,"{'colsample_bytree': 1.0, 'learning_rate': 0.01, 'max_depth': 3, 'n_estimators': 100, 'subsample': 0.8}",-157806407692.60452,-225015528972.4879,-139226075113.0727,-147854234864.86465,-97211487603.85649,-153422746849.37726,41320702836.69635,237
163,0.06441140174865723,0.001392452003721186,0.005421304702758789,0.0005180247181669802,1.0,0.01,3,100,0.9,"{'colsample_bytree': 1.0, 'learning_rate': 0.01, 'max_depth': 3, 'n_estimators': 100, 'subsample': 0.9}",-157244215259.89545,-224273610061.67764,-139467454909.82483,-148955624434.51425,-96492702679.21298,-153286721469.02505,41207016900.582726,236
164,0.06086521148681641,0.0012445586430322464,0.0053997039794921875,0.0004888123505406002,1.0,0.01,3,100,1.0,"{'colsample_bytree': 1.0, 'learning_rate': 0.01, 'max_depth': 3, 'n_estimators': 100, 'subsample': 1.0}",-156455017540.41608,-222195131890.4065,-140884963316.43625,-148820966566.9419,-95469964228.92929,-152765208708.626,40678179012.54233,235
165,0.12165346145629882,0.008390646840241241,0.006204032897949218,0.00040691170951647686,1.0,0.01,3,200,0.8,"{'colsample_bytree': 1.0, 'learning_rate': 0.01, 'max_depth': 3, 'n_estimators': 200, 'subsample': 0.8}",-91499705517.20023,-114546350283.13829,-79208151599.25491,-76430186565.2896,-51549349532.541374,-82646748699.48488,20559558630.21575,208
166,0.11541495323181153,0.0018174380564803946,0.006292152404785156,0.000512094123915215,1.0,0.01,3,200,0.9,"{'colsample_bytree': 1.0, 'learning_rate': 0.01, 'max_depth': 3, 'n_estimators': 200, 'subsample': 0.9}",-92896803180.42613,-115361628591.46779,-79534787394.72427,-76918367556.00224,-50762025698.95409,-83094722484.31491,21135078874.504204,213
167,0.10623221397399903,0.0015888552444583359,0.006200456619262695,0.0003994011662567276,1.0,0.01,3,200,1.0,"{'colsample_bytree': 1.0, 'learning_rate': 0.01, 'max_depth': 3, 'n_estimators': 200, 'subsample': 1.0}",-91889610673.37747,-116326805839.86168,-79589193214.5001,-75856346185.69525,-50240844755.70506,-82780560133.82791,21565194370.5787,210
168,0.16622509956359863,0.0014323302516525854,0.006828737258911133,0.0007570762857099116,1.0,0.01,3,300,0.8,"{'colsample_bytree': 1.0, 'learning_rate': 0.01, 'max_depth': 3, 'n_estimators': 300, 'subsample': 0.8}",-82888299137.6041,-86151389703.46368,-66402541382.326546,-65100759081.779526,-43196612278.5912,-68747920316.753,15326467236.59648,162
169,0.16664628982543944,0.0021995834133415027,0.006403446197509766,0.0004885416016651455,1.0,0.01,3,300,0.9,"{'colsample_bytree': 1.0, 'learning_rate': 0.01, 'max_depth': 3, 'n_estimators': 300, 'subsample': 0.9}",-82817415214.83789,-87255217225.17438,-66636910355.97387,-64975471858.29291,-42450701775.88787,-68827143286.03339,15815630101.653614,163
170,0.1543203830718994,0.004887241595053026,0.006033945083618164,6.245081484728353e-05,1.0,0.01,3,300,1.0,"{'colsample_bytree': 1.0, 'learning_rate': 0.01, 'max_depth': 3, 'n_estimators': 300, 'subsample': 1.0}",-81563589888.10313,-87564890287.73726,-66564228418.18375,-64201475072.02758,-43586336970.17934,-68696104127.2462,15341774812.851442,161
171,0.09567933082580567,0.0008446592044125062,0.005399465560913086,0.0004891034046170058,1.0,0.01,5,100,0.8,"{'colsample_bytree': 1.0, 'learning_rate': 0.01, 'max_depth': 5, 'n_estimators': 100, 'subsample': 0.8}",-149586102823.90912,-210986214664.09937,-125972122172.62453,-132991126312.94405,-87070329085.30942,-141321179011.77728,40421935133.342316,224
172,0.09552264213562012,0.0019112227850839143,0.006087446212768554,7.041475481724954e-05,1.0,0.01,5,100,0.9,"{'colsample_bytree': 1.0, 'learning_rate': 0.01, 'max_depth': 5, 'n_estimators': 100, 'subsample': 0.9}",-148963511148.78482,-215782533394.8991,-125729439075.95396,-131497906874.35811,-86767245672.08723,-141748127233.21667,42232020519.23571,228
173,0.09106149673461914,0.0015784524715269858,0.006400394439697266,0.0004882888262503673,1.0,0.01,5,100,1.0,"{'colsample_bytree': 1.0, 'learning_rate': 0.01, 'max_depth': 5, 'n_estimators': 100, 'subsample': 1.0}",-152579813026.6925,-223891420738.01315,-126939424666.65538,-131500791480.00603,-87029499228.71777,-144388189828.01697,45052037123.44215,233
174,0.17556891441345215,0.00198558729582735,0.006926679611206054,0.0006417011426233159,1.0,0.01,5,200,0.8,"{'colsample_bytree': 1.0, 'learning_rate': 0.01, 'max_depth': 5, 'n_estimators': 200, 'subsample': 0.8}",-87420736626.44379,-109795540331.85342,-65737711625.2034,-66184767884.34631,-45402640257.841034,-74908279345.1376,21929269339.556187,197
175,0.1738971710205078,0.0023036811609516636,0.007049989700317383,4.429850562784067e-05,1.0,0.01,5,200,0.9,"{'colsample_bytree': 1.0, 'learning_rate': 0.01, 'max_depth': 5, 'n_estimators': 200, 'subsample': 0.9}",-91019958157.84663,-113806535762.8807,-65027812981.47326,-66354258569.68191,-45595182165.89321,-76360749527.55515,23631185969.310066,202
176,0.1682579517364502,0.0028663537747712514,0.006123590469360352,0.0001607243568887456,1.0,0.01,5,200,1.0,"{'colsample_bytree': 1.0, 'learning_rate': 0.01, 'max_depth': 5, 'n_estimators': 200, 'subsample': 1.0}",-93810859235.0478,-118604497193.40767,-65750376077.21357,-67897503524.35989,-46059418380.36998,-78424530882.07979,25179840369.712513,206
177,0.2526731491088867,0.002041989237450993,0.00744476318359375,0.0004934829794118264,1.0,0.01,5,300,0.8,"{'colsample_bytree': 1.0, 'learning_rate': 0.01, 'max_depth': 5, 'n_estimators': 300, 'subsample': 0.8}",-80639652435.17279,-84285948404.68715,-54813860704.02658,-55690358545.6823,-39764396345.563194,-63038843287.02639,16879445520.903835,55
178,0.2549036979675293,0.003971579277238337,0.007050991058349609,0.0006827182350649022,1.0,0.01,5,300,0.9,"{'colsample_bytree': 1.0, 'learning_rate': 0.01, 'max_depth': 5, 'n_estimators': 300, 'subsample': 0.9}",-84602671399.58131,-87592580368.64157,-54146657775.83692,-56161133223.14873,-40762354392.12928,-64653079431.86757,18316504646.121685,94
179,0.2424558639526367,0.003708965283315761,0.0073639869689941405,0.0008541482926307551,1.0,0.01,5,300,1.0,"{'colsample_bytree': 1.0, 'learning_rate': 0.01, 'max_depth': 5, 'n_estimators': 300, 'subsample': 1.0}",-89925987099.29881,-90022307294.45627,-54875016680.77638,-57809376486.52159,-42520360172.24272,-67030609546.65916,19423482592.31866,132
180,0.14720845222473145,0.0040134313441527085,0.006190299987792969,0.0004063365542397667,1.0,0.01,7,100,0.8,"{'colsample_bytree': 1.0, 'learning_rate': 0.01, 'max_depth': 7, 'n_estimators': 100, 'subsample': 0.8}",-147816897720.0979,-209930521831.77072,-121969108298.42377,-129783810593.07344,-84965056379.2363,-138893078964.52045,40996546204.84293,217
181,0.1481314182281494,0.0034616096161307107,0.006491851806640625,0.0005194429341859088,1.0,0.01,7,100,0.9,"{'colsample_bytree': 1.0, 'learning_rate': 0.01, 'max_depth': 7, 'n_estimators': 100, 'subsample': 0.9}",-147397433035.7107,-214035475194.84912,-121243611519.89455,-127959121351.86125,-85633117624.88203,-139253751745.4395,42392763385.23716,218
182,0.1431602954864502,0.0026638694979499345,0.0064066886901855465,0.0005142754429206366,1.0,0.01,7,100,1.0,"{'colsample_bytree': 1.0, 'learning_rate': 0.01, 'max_depth': 7, 'n_estimators': 100, 'subsample': 1.0}",-151737249298.2366,-229240594452.89307,-124638993276.13495,-125508632583.43326,-84815837513.17783,-143188261424.77515,48045964890.66629,231
183,0.27789769172668455,0.004193812122969008,0.007344102859497071,0.0004299704034149289,1.0,0.01,7,200,0.8,"{'colsample_bytree': 1.0, 'learning_rate': 0.01, 'max_depth': 7, 'n_estimators': 200, 'subsample': 0.8}",-87647037690.41599,-111589743606.52403,-61861237564.171074,-62741171352.50302,-45003282243.93933,-73768494491.5107,23297565987.619297,193
184,0.27893404960632323,0.004146227435384382,0.007155132293701172,0.0006993575124934195,1.0,0.01,7,200,0.9,"{'colsample_bytree': 1.0, 'learning_rate': 0.01, 'max_depth': 7, 'n_estimators': 200, 'subsample': 0.9}",-90474234817.98996,-117612429120.48283,-60741033083.67816,-62740430192.7533,-46272590809.96635,-75568143604.97412,25426507236.04108,200
185,0.27331719398498533,0.0030924367156134375,0.007707786560058594,0.0005785185509948249,1.0,0.01,7,200,1.0,"{'colsample_bytree': 1.0, 'learning_rate': 0.01, 'max_depth': 7, 'n_estimators': 200, 'subsample': 1.0}",-95399324062.87473,-136217580548.97757,-65974835607.19853,-65228654308.43343,-47551944490.148346,-82074467803.52652,31124950304.185726,207
186,0.4075625896453857,0.006673914386849837,0.008057785034179688,0.0009597375696232399,1.0,0.01,7,300,0.8,"{'colsample_bytree': 1.0, 'learning_rate': 0.01, 'max_depth': 7, 'n_estimators': 300, 'subsample': 0.8}",-82630138962.69617,-86950005886.19441,-51401948161.41208,-52859270669.69408,-40135431755.86197,-62795359087.17173,18541161921.08487,47
187,0.4081422328948975,0.005212105241636558,0.008011293411254884,2.1147822043328976e-05,1.0,0.01,7,300,0.9,"{'colsample_bytree': 1.0, 'learning_rate': 0.01, 'max_depth': 7, 'n_estimators': 300, 'subsample': 0.9}",-86241061052.3507,-93002493381.12909,-49401814586.37069,-52675604883.76354,-41964746260.03776,-64657144032.73036,20787263298.288795,95
188,0.4041773796081543,0.008766709570006657,0.007485198974609375,0.0004670039861891649,1.0,0.01,7,300,1.0,"{'colsample_bytree': 1.0, 'learning_rate': 0.01, 'max_depth': 7, 'n_estimators': 300, 'subsample': 1.0}",-91630435095.9005,-110618088478.52502,-49556289891.9402,-56705796140.998245,-44762832822.99944,-70654688486.07268,25873374327.15427,180
189,0.0635833740234375,0.0014010954912516047,0.005821704864501953,0.0007566802494162875,1.0,0.1,3,100,0.8,"{'colsample_bytree': 1.0, 'learning_rate': 0.1, 'max_depth': 3, 'n_estimators': 100, 'subsample': 0.8}",-90567215289.95924,-64275803581.48935,-64576389701.991066,-56033173255.94078,-43883506969.33337,-63867217759.74276,15325016708.462317,72
190,0.06422061920166015,0.0010171394789399114,0.005824565887451172,0.0007502671827954767,1.0,0.1,3,100,0.9,"{'colsample_bytree': 1.0, 'learning_rate': 0.1, 'max_depth': 3, 'n_estimators': 100, 'subsample': 0.9}",-78213674870.35652,-66590091438.850655,-64085831074.036285,-56468749511.91914,-44049894835.49665,-61881648346.13185,11322842887.692242,30
191,0.05974273681640625,0.0004261325743448873,0.005599880218505859,0.0004878619422064506,1.0,0.1,3,100,1.0,"{'colsample_bytree': 1.0, 'learning_rate': 0.1, 'max_depth': 3, 'n_estimators': 100, 'subsample': 1.0}",-84087623768.74867,-66017007966.598724,-61129927395.87895,-59851765175.28342,-43082068098.14387,-62833678480.93074,13143701642.592981,49
192,0.11173605918884277,0.0007990745559160798,0.006001520156860352,1.6198432685339956e-06,1.0,0.1,3,200,0.8,"{'colsample_bytree': 1.0, 'learning_rate': 0.1, 'max_depth': 3, 'n_estimators': 200, 'subsample': 0.8}",-92399442608.46803,-59642160802.22689,-61161649466.789856,-52852725940.6749,-45197380129.72985,-62250671789.5779,16100154183.705069,36
193,0.11217770576477051,0.0010278227057707837,0.0060271739959716795,0.0006738985450989179,1.0,0.1,3,200,0.9,"{'colsample_bytree': 1.0, 'learning_rate': 0.1, 'max_depth': 3, 'n_estimators': 200, 'subsample': 0.9}",-80886969649.48923,-62179658152.59629,-61984249413.40592,-53481162628.66183,-46755367966.88768,-61057481562.20819,11465407438.28944,17
194,0.10396733283996581,0.001781696210203629,0.006028461456298828,0.0006350232625076567,1.0,0.1,3,200,1.0,"{'colsample_bytree': 1.0, 'learning_rate': 0.1, 'max_depth': 3, 'n_estimators': 200, 'subsample': 1.0}",-81846559784.84546,-61047909600.57876,-58735978322.14798,-54355985613.143135,-46481374397.461044,-60493561543.63528,11775891994.747425,13
195,0.16240310668945312,0.004126979840298708,0.006390142440795899,0.0005126039238708796,1.0,0.1,3,300,0.8,"{'colsample_bytree': 1.0, 'learning_rate': 0.1, 'max_depth': 3, 'n_estimators': 300, 'subsample': 0.8}",-90949785991.48894,-61144816157.114105,-60424885880.34099,-51229001116.53027,-48551404920.103485,-62459978813.115555,15080607791.970707,40
196,0.1599729537963867,0.0016284451080176665,0.006425142288208008,0.0005204009682949354,1.0,0.1,3,300,0.9,"{'colsample_bytree': 1.0, 'learning_rate': 0.1, 'max_depth': 3, 'n_estimators': 300, 'subsample': 0.9}",-78904000676.709,-62570459093.36701,-61098951291.47858,-52574015437.98656,-48803842489.63349,-60790253797.83492,10416840978.568941,15
197,0.1509796142578125,0.0031537857219672617,0.006581592559814453,0.0005150829635373594,1.0,0.1,3,300,1.0,"{'colsample_bytree': 1.0, 'learning_rate': 0.1, 'max_depth': 3, 'n_estimators': 300, 'subsample': 1.0}",-80580127240.07826,-60178575842.40591,-57256240597.72321,-54114190587.597565,-48868524096.24653,-60199531672.81029,10857763913.43615,10
198,0.09138174057006836,0.0015138718092418879,0.0062010765075683595,0.00039921117294752334,1.0,0.1,5,100,0.8,"{'colsample_bytree': 1.0, 'learning_rate': 0.1, 'max_depth': 5, 'n_estimators': 100, 'subsample': 0.8}",-86682744225.8228,-66240276191.59913,-53158305494.00448,-52128863596.27682,-53144303653.49267,-62270898632.23918,13273199522.146042,37
199,0.09898996353149414,0.012536628193019565,0.005873680114746094,0.0007821542333099321,1.0,0.1,5,100,0.9,"{'colsample_bytree': 1.0, 'learning_rate': 0.1, 'max_depth': 5, 'n_estimators': 100, 'subsample': 0.9}",-92657093017.97324,-76033831434.0974,-53226666733.24216,-52408782303.13319,-46206974625.45394,-64106669622.77998,17509985588.428967,84
200,0.0871429443359375,0.00044446367264865827,0.006199884414672852,0.0003994482662411323,1.0,0.1,5,100,1.0,"{'colsample_bytree': 1.0, 'learning_rate': 0.1, 'max_depth': 5, 'n_estimators': 100, 'subsample': 1.0}",-99840697798.46602,-72449472697.40315,-52010686372.289116,-58952910156.78203,-47187915560.95111,-66088336517.17828,18899769315.179825,116
201,0.16797804832458496,0.0030621830112981265,0.006266260147094726,0.0006525429940058874,1.0,0.1,5,200,0.8,"{'colsample_bytree': 1.0, 'learning_rate': 0.1, 'max_depth': 5, 'n_estimators': 200, 'subsample': 0.8}",-89035153935.82784,-66468915681.98153,-51411860497.69186,-51134022480.8655,-55986549436.5822,-62807300406.58978,14240448302.069088,48
202,0.1666511058807373,0.0029510414033176477,0.006491661071777344,0.0004283672389713775,1.0,0.1,5,200,0.9,"{'colsample_bytree': 1.0, 'learning_rate': 0.1, 'max_depth': 5, 'n_estimators': 200, 'subsample': 0.9}",-94299817503.88498,-74604289826.95328,-54004004544.952934,-50878296291.332,-47952277227.04315,-64347737078.833275,17660995089.042137,86
203,0.15806784629821777,0.0016131773492481392,0.0072553157806396484,0.00037890714970454525,1.0,0.1,5,200,1.0,"{'colsample_bytree': 1.0, 'learning_rate': 0.1, 'max_depth': 5, 'n_estimators': 200, 'subsample': 1.0}",-101955839906.03407,-71871333864.25517,-52097734949.54018,-58004489993.038284,-49658475479.13588,-66717574838.40071,19230012968.90378,125
204,0.24312820434570312,0.0023586316959304096,0.007101869583129883,0.0006043213290512845,1.0,0.1,5,300,0.8,"{'colsample_bytree': 1.0, 'learning_rate': 0.1, 'max_depth': 5, 'n_estimators': 300, 'subsample': 0.8}",-88708769915.74664,-67834359497.37218,-51819110132.074135,-51036383061.00553,-57109555025.12579,-63301635526.264854,14047738130.252928,61
205,0.24539437294006347,0.005640196599422427,0.007010030746459961,1.8238881054507326e-05,1.0,0.1,5,300,0.9,"{'colsample_bytree': 1.0, 'learning_rate': 0.1, 'max_depth': 5, 'n_estimators': 300, 'subsample': 0.9}",-95215022561.1129,-75663228914.56749,-54488814967.90954,-51020870699.477356,-49023741233.92852,-65082335675.399155,17819989081.791615,98
206,0.2296018123626709,0.0019277545503948443,0.00705108642578125,6.917633620345817e-05,1.0,0.1,5,300,1.0,"{'colsample_bytree': 1.0, 'learning_rate': 0.1, 'max_depth': 5, 'n_estimators': 300, 'subsample': 1.0}",-102367129258.93254,-72110156435.86217,-52461690465.89091,-58033277882.02807,-50311121328.29573,-67056675074.20188,19220898477.783012,133
207,0.13302245140075683,0.0035986016669417313,0.006279802322387696,0.00044016410617697145,1.0,0.1,7,100,0.8,"{'colsample_bytree': 1.0, 'learning_rate': 0.1, 'max_depth': 7, 'n_estimators': 100, 'subsample': 0.8}",-90861051793.81778,-64486573693.04411,-51605376414.28472,-50313905851.620674,-55482591997.26257,-62549899950.00597,14998139968.735645,46
208,0.1351944923400879,0.0011588838967266854,0.006634950637817383,0.00048096921638783916,1.0,0.1,7,100,0.9,"{'colsample_bytree': 1.0, 'learning_rate': 0.1, 'max_depth': 7, 'n_estimators': 100, 'subsample': 0.9}",-100049853191.73808,-72768713495.1951,-51385895284.101616,-53433605832.68554,-48126012208.03139,-65152816002.35034,19455514075.61664,99
209,0.13457884788513183,0.003862568843652679,0.006027317047119141,0.0005455411299886752,1.0,0.1,7,100,1.0,"{'colsample_bytree': 1.0, 'learning_rate': 0.1, 'max_depth': 7, 'n_estimators': 100, 'subsample': 1.0}",-102318636148.25409,-87783069764.2611,-47718457526.68275,-59379460739.29176,-51589358740.62831,-69757796583.8236,21487918470.664116,171
210,0.2595216751098633,0.0022791141504352424,0.006802845001220703,0.0007491718840691462,1.0,0.1,7,200,0.8,"{'colsample_bytree': 1.0, 'learning_rate': 0.1, 'max_depth': 7, 'n_estimators': 200, 'subsample': 0.8}",-92044764819.8234,-66560771264.90277,-53165131361.555756,-50169096059.58251,-57303898414.79689,-63848732384.13226,15142509913.96778,70
211,0.26012067794799804,0.004523687030443126,0.006962203979492187,0.00017563619512564701,1.0,0.1,7,200,0.9,"{'colsample_bytree': 1.0, 'learning_rate': 0.1, 'max_depth': 7, 'n_estimators': 200, 'subsample': 0.9}",-99848891130.49034,-74027689305.24796,-51841824015.44404,-53996212754.94726,-49294228701.21346,-65801769181.468605,19150051692.775192,111
212,0.25420222282409666,0.005871846265334386,0.007173919677734375,0.0006494067403026053,1.0,0.1,7,200,1.0,"{'colsample_bytree': 1.0, 'learning_rate': 0.1, 'max_depth': 7, 'n_estimators': 200, 'subsample': 1.0}",-103104346165.96487,-87996715057.81235,-48772599673.480515,-59837124004.113266,-53029936817.25632,-70548144343.72546,21260982077.019558,176
213,0.3823235988616943,0.004803015030929779,0.00866398811340332,0.0014112319795947428,1.0,0.1,7,300,0.8,"{'colsample_bytree': 1.0, 'learning_rate': 0.1, 'max_depth': 7, 'n_estimators': 300, 'subsample': 0.8}",-91792081942.68636,-67848606355.27407,-53915385876.00715,-50657297196.34853,-57742647921.73095,-64391203858.40941,14868274966.92538,87
214,0.38115429878234863,0.0056457982452047676,0.007890605926513672,0.00039759946667134745,1.0,0.1,7,300,0.9,"{'colsample_bytree': 1.0, 'learning_rate': 0.1, 'max_depth': 7, 'n_estimators': 300, 'subsample': 0.9}",-100148644765.5721,-75212442416.05554,-52310480025.498146,-54297022417.8883,-50267457130.920494,-66447209351.186905,19088607073.97241,122
215,0.3702880382537842,0.007796332027588333,0.008410501480102538,0.000500128520600599,1.0,0.1,7,300,1.0,"{'colsample_bytree': 1.0, 'learning_rate': 0.1, 'max_depth': 7, 'n_estimators': 300, 'subsample': 1.0}",-103591829926.81316,-89092580137.63702,-49504985822.02438,-60700959254.48898,-53855538913.40893,-71349178810.8745,21217905766.32867,184
216,0.06310415267944336,0.0004552205292650218,0.005661916732788086,0.0004872440147052112,1.0,0.2,3,100,0.8,"{'colsample_bytree': 1.0, 'learning_rate': 0.2, 'max_depth': 3, 'n_estimators': 100, 'subsample': 0.8}",-90985119322.25133,-64275932553.7253,-61766782628.663536,-52467858363.06126,-50062927736.69888,-63911724120.88005,14563333233.094048,76
217,0.06505331993103028,0.002875077016033851,0.005486345291137696,0.00042077561752916834,1.0,0.2,3,100,0.9,"{'colsample_bytree': 1.0, 'learning_rate': 0.2, 'max_depth': 3, 'n_estimators': 100, 'subsample': 0.9}",-79938004206.351,-66238814315.54495,-59678725483.601814,-61955505697.68318,-47645893884.55028,-63091388717.54624,10442361347.337183,57
218,0.06039166450500488,0.0010695832352651785,0.005199623107910156,0.0004009261854907614,1.0,0.2,3,100,1.0,"{'colsample_bytree': 1.0, 'learning_rate': 0.2, 'max_depth': 3, 'n_estimators': 100, 'subsample': 1.0}",-77787905680.10431,-55732707329.54118,-59057495713.9342,-55785302831.560295,-47597485226.20816,-59192179356.26963,10038235537.4088,1
219,0.11241555213928223,0.0006056057182387252,0.005800056457519531,0.0007483423234500121,1.0,0.2,3,200,0.8,"{'colsample_bytree': 1.0, 'learning_rate': 0.2, 'max_depth': 3, 'n_estimators': 200, 'subsample': 0.8}",-92014431772.51817,-61392560237.60612,-57688235633.43898,-51356003053.70495,-52156988239.84396,-62921643787.42244,15005057979.186003,53
220,0.11457786560058594,0.005892204449922919,0.0062315940856933595,0.0007004387342331974,1.0,0.2,3,200,0.9,"{'colsample_bytree': 1.0, 'learning_rate': 0.2, 'max_depth': 3, 'n_estimators': 200, 'subsample': 0.9}",-81857697329.33247,-64171139495.61881,-58293131350.120186,-59794808723.99478,-50744021471.32574,-62972159674.07839,10388621796.585918,54
221,0.10485353469848632,0.0016049520380459702,0.006277322769165039,0.0003684878655898555,1.0,0.2,3,200,1.0,"{'colsample_bytree': 1.0, 'learning_rate': 0.2, 'max_depth': 3, 'n_estimators': 200, 'subsample': 1.0}",-79428650509.52669,-55276282103.8975,-59569782769.86801,-53556174866.29831,-50969115450.84845,-59760001140.08779,10225094807.173449,6
222,0.16114020347595215,0.0020199230188166707,0.006529569625854492,0.0009406603131310652,1.0,0.2,3,300,0.8,"{'colsample_bytree': 1.0, 'learning_rate': 0.2, 'max_depth': 3, 'n_estimators': 300, 'subsample': 0.8}",-91883908010.82504,-61739744559.50611,-59108778962.369194,-50557027156.59722,-55461903034.85324,-63750272344.83016,14559161534.90528,68
223,0.16169395446777343,0.0011138282963648455,0.006399393081665039,0.0004889099071381915,1.0,0.2,3,300,0.9,"{'colsample_bytree': 1.0, 'learning_rate': 0.2, 'max_depth': 3, 'n_estimators': 300, 'subsample': 0.9}",-82751288426.49922,-65057832830.09698,-59554177233.66646,-59119026238.507744,-53594856959.70757,-64015436337.695595,10045744205.050802,80
224,0.14783754348754882,0.0014566207361314263,0.006173276901245117,0.00042934269440918953,1.0,0.2,3,300,1.0,"{'colsample_bytree': 1.0, 'learning_rate': 0.2, 'max_depth': 3, 'n_estimators': 300, 'subsample': 1.0}",-78477469983.77707,-56636685218.59699,-59491384008.43902,-53473416658.71481,-52826918995.45947,-60181174972.997475,9453811219.834002,9
225,0.09019131660461426,0.0008576202082916056,0.006396722793579101,0.0004900424735765446,1.0,0.2,5,100,0.8,"{'colsample_bytree': 1.0, 'learning_rate': 0.2, 'max_depth': 5, 'n_estimators': 100, 'subsample': 0.8}",-95087383973.2852,-64849944020.56543,-66961873308.40984,-49365966211.98205,-53221582912.702255,-65897350085.38896,16051480141.841192,113
226,0.09152779579162598,0.0023317735693942437,0.005800914764404297,0.00040052290138334145,1.0,0.2,5,100,0.9,"{'colsample_bytree': 1.0, 'learning_rate': 0.2, 'max_depth': 5, 'n_estimators': 100, 'subsample': 0.9}",-89740095848.82024,-72235124637.00513,-55405645489.93182,-55877825696.7939,-54140564983.39949,-65479851331.19011,13830843184.595037,105
227,0.08546056747436523,0.0011600064756879366,0.006014204025268555,0.0005996128502368012,1.0,0.2,5,100,1.0,"{'colsample_bytree': 1.0, 'learning_rate': 0.2, 'max_depth': 5, 'n_estimators': 100, 'subsample': 1.0}",-104098044640.48761,-74479209481.74336,-47133467139.26009,-62724828124.418,-51541667440.780045,-67995443365.337814,20391984803.52269,146
228,0.16681580543518065,0.0017299199466398706,0.006402063369750977,0.000806070691030649,1.0,0.2,5,200,0.8,"{'colsample_bytree': 1.0, 'learning_rate': 0.2, 'max_depth': 5, 'n_estimators': 200, 'subsample': 0.8}",-93018802833.29707,-67684478705.21521,-68370979666.901184,-49373174874.54563,-54541699352.86271,-66597827086.56437,15128990058.686943,124
229,0.16612672805786133,0.0016398791203534784,0.006611824035644531,0.0004989140828750295,1.0,0.2,5,200,0.9,"{'colsample_bytree': 1.0, 'learning_rate': 0.2, 'max_depth': 5, 'n_estimators': 200, 'subsample': 0.9}",-89894877906.30296,-76316992228.1166,-56727043405.55674,-57045858032.367065,-56688319367.384735,-67334618187.94563,13574765330.103823,137
230,0.15627474784851075,0.002610634561194327,0.006410980224609375,0.0005626990544021425,1.0,0.2,5,200,1.0,"{'colsample_bytree': 1.0, 'learning_rate': 0.2, 'max_depth': 5, 'n_estimators': 200, 'subsample': 1.0}",-105991345976.90399,-74967234679.02112,-49060595085.94821,-63105534647.37717,-53359523447.43159,-69296846767.33641,20398412064.63071,166
231,0.247426176071167,0.006645385596166027,0.0066010475158691405,0.0004914012105989619,1.0,0.2,5,300,0.8,"{'colsample_bytree': 1.0, 'learning_rate': 0.2, 'max_depth': 5, 'n_estimators': 300, 'subsample': 0.8}",-92797620760.9994,-69173250388.45657,-68992870192.90028,-49754303601.559166,-55296712556.13462,-67202951500.01001,14888833537.179298,135
232,0.24440078735351561,0.0023423536673329447,0.006965017318725586,0.0006156871568260816,1.0,0.2,5,300,0.9,"{'colsample_bytree': 1.0, 'learning_rate': 0.2, 'max_depth': 5, 'n_estimators': 300, 'subsample': 0.9}",-89407629827.11174,-77786661615.44145,-57667615232.54578,-57813573021.81733,-57542458816.17295,-68043587702.61786,13220722356.412363,147
233,0.23264098167419434,0.008709805134885899,0.007018947601318359,0.0006047264857707869,1.0,0.2,5,300,1.0,"{'colsample_bytree': 1.0, 'learning_rate': 0.2, 'max_depth': 5, 'n_estimators': 300, 'subsample': 1.0}",-105919729527.84317,-75682014188.72346,-50011436046.10218,-63647437811.792244,-54859969574.973045,-70024117429.88681,19958094111.94863,174
234,0.15016040802001954,0.006129532755567398,0.007258176803588867,0.00037594414309392117,1.0,0.2,7,100,0.8,"{'colsample_bytree': 1.0, 'learning_rate': 0.2, 'max_depth': 7, 'n_estimators': 100, 'subsample': 0.8}",-105576489579.07597,-70006515957.08275,-60059917236.299385,-56472620123.12912,-55601248658.46374,-69543358310.8102,18728392012.89875,168
235,0.14991984367370606,0.01454384352916023,0.006411981582641601,0.00047703787393969284,1.0,0.2,7,100,0.9,"{'colsample_bytree': 1.0, 'learning_rate': 0.2, 'max_depth': 7, 'n_estimators': 100, 'subsample': 0.9}",-92727935835.6587,-77708136774.88205,-56040644787.75227,-57214345717.83894,-50023686172.9441,-66742949857.81521,16002013805.944891,127
236,0.13400206565856934,0.003987243683572617,0.006074142456054687,6.320447302930224e-05,1.0,0.2,7,100,1.0,"{'colsample_bytree': 1.0, 'learning_rate': 0.2, 'max_depth': 7, 'n_estimators': 100, 'subsample': 1.0}",-115937200293.0159,-80311457548.38522,-47688027146.22988,-60625696087.876686,-53987813463.92708,-71710038907.88695,24673966792.27154,186
237,0.2647666931152344,0.00620564317360062,0.006632566452026367,0.0005191964928948123,1.0,0.2,7,200,0.8,"{'colsample_bytree': 1.0, 'learning_rate': 0.2, 'max_depth': 7, 'n_estimators': 200, 'subsample': 0.8}",-105688714333.09344,-72160252908.26399,-61701109749.9014,-56847657209.10265,-56842187944.28096,-70647984428.92848,18391494352.782864,179
238,0.2633087158203125,0.004956670317256126,0.006459712982177734,0.00048550272973062745,1.0,0.2,7,200,0.9,"{'colsample_bytree': 1.0, 'learning_rate': 0.2, 'max_depth': 7, 'n_estimators': 200, 'subsample': 0.9}",-93336429268.70732,-79250997023.2363,-57317966265.35424,-58708694097.31797,-51826986821.09883,-68088214695.14293,15687455104.720587,148
239,0.2543307304382324,0.007415348588400064,0.007014083862304688,0.0006097201232669249,1.0,0.2,7,200,1.0,"{'colsample_bytree': 1.0, 'learning_rate': 0.2, 'max_depth': 7, 'n_estimators': 200, 'subsample': 1.0}",-115909691706.97496,-82118376626.05382,-48553309886.97334,-61581579634.33256,-55547417349.88778,-72742075040.8445,24317349487.75407,189
240,0.3858043193817139,0.004158369360803064,0.008347511291503906,0.0008134319645303997,1.0,0.2,7,300,0.8,"{'colsample_bytree': 1.0, 'learning_rate': 0.2, 'max_depth': 7, 'n_estimators': 300, 'subsample': 0.8}",-106349531936.77902,-73215211249.70679,-61668511493.52367,-57316807916.7445,-56959132789.84674,-71101839077.32014,18579004754.769634,182
241,0.3898180961608887,0.006288497800422621,0.00761260986328125,0.0004356754050536805,1.0,0.2,7,300,0.9,"{'colsample_bytree': 1.0, 'learning_rate': 0.2, 'max_depth': 7, 'n_estimators': 300, 'subsample': 0.9}",-92611510477.87677,-79779098741.2856,-58298198726.15479,-58591789980.38828,-52164387209.19048,-68288997026.97919,15345761727.215345,153
242,0.37280635833740233,0.005498567385703876,0.008222484588623047,0.0008160008501851641,1.0,0.2,7,300,1.0,"{'colsample_bytree': 1.0, 'learning_rate': 0.2, 'max_depth': 7, 'n_estimators': 300, 'subsample': 1.0}",-116359183858.74956,-82754775788.40987,-48967476972.451996,-62168371710.80242,-56005716158.8851,-73251104897.85979,24325094963.71062,191
